t_ms,U,V,W,DCbus
130,1440,-8340,540,20670
1130,1497,-8226,530,20664
2130,1488,-8293,544,20655
3129,1526,-8195,510,20665
4130,1442,-8309,558,20654
5130,1325,-8300,537,20669
6130,1509,-8201,534,20672
7130,1453,-8296,511,20660
8129,1461,-8249,545,20669
9129,1452,-8237,518,20667
10130,1419,-8300,629,20663
11130,1491,-8321,496,20670
12129,1412,-8222,536,20679
13129,1409,-8196,522,20676
14129,1449,-8223,604,20669
15130,1407,-8214,453,20663
16130,1520,-8193,580,20666
17129,1552,-8218,634,20670
18129,1491,-8270,475,20672
19129,1472,-8361,566,20660
20130,1419,-8338,530,20676
21129,1381,-8221,530,20673
22130,1456,-8192,600,20664
23130,1553,-8267,587,20679
24129,1505,-8193,456,20672
25129,1433,-8204,563,20666
26130,1430,-8192,556,20661
27130,1565,-8363,524,20668
28130,1396,-8253,540,20668
29129,1414,-8192,464,20656
30129,1489,-8335,596,20660
31129,1532,-8281,427,20662
32130,1486,-8192,514,20675
33129,1389,-8294,529,20670
34130,1512,-8226,531,20672
35129,1544,-8146,512,20653
36129,1475,-8361,524,20680
37129,1560,-8224,446,20665
38129,1427,-8222,556,20670
39129,1380,-8225,501,20669
40129,1458,-8193,438,20664
41129,1478,-8268,564,20664
42129,1377,-8250,511,20664
43129,1384,-8335,520,20679
44129,1402,-8192,572,20657
45129,1403,-8233,477,20671
46129,1453,-8192,402,20668
47129,1525,-8192,556,20671
48129,1462,-8257,474,20666
49131,1381,-8206,554,20668
50129,1449,-8169,481,20664
51128,1385,-8275,437,20655
52129,1482,-8192,473,20663
53129,1536,-8274,534,20670
54129,1394,-8193,505,20660
55129,1486,-8223,521,20658
56129,1457,-8192,501,20655
57129,1461,-8193,624,20660
58129,1442,-8259,437,20651
59129,1392,-8262,511,20663
60129,1434,-8215,562,20679
61129,1382,-8193,476,20657
62129,1450,-8199,530,20679
63129,1408,-8278,529,20662
64129,1509,-8192,532,20656
65128,1479,-8193,351,20656
66129,1420,-8297,481,20668
67129,1527,-8207,524,20669
68129,1458,-8163,508,20666
69128,1378,-8192,520,20656
70128,1588,-8192,511,20659
71129,1460,-8193,567,20654
72129,1483,-8257,394,20653
73129,1470,-8251,482,20652
74128,1530,-8209,470,20680
75129,1477,-8156,431,20652
76129,1376,-8255,439,20656
77129,1382,-8164,457,20666
78128,1532,-8192,448,20681
79129,1460,-8193,567,20653
80128,1419,-8178,416,20676
81128,1435,-8229,515,20663
82129,1352,-8192,519,20668
83128,1522,-8196,400,20656
84129,1390,-8212,468,20667
85128,1446,-8242,442,20668
86129,1457,-8079,510,20646
87129,1412,-8192,378,20652
88128,1419,-8151,467,20663
89129,1455,-8212,550,20656
90129,1432,-8148,515,20665
91128,1476,-8198,578,20651
92129,1472,-8156,595,20655
93129,1474,-8194,421,20656
94129,1344,-8203,416,20668
95129,1487,-8211,514,20657
96128,1398,-8192,471,20666
97128,1402,-8222,434,20649
98128,1517,-8193,367,20667
99128,1416,-8193,513,20667
100129,1450,-8255,512,20668
101129,1554,-8201,540,20659
102128,1418,-8193,480,20654
103128,1456,-8192,445,20667
104128,1472,-8193,410,20678
105128,1476,-8193,478,20651
106128,1405,-8203,490,20663
107128,1483,-8193,540,20662
108128,1438,-8281,505,20658
109128,1355,-8128,503,20656
110128,1437,-8178,426,20668
111127,1496,-8193,468,20681
112129,1424,-8158,621,20660
113128,1461,-8147,464,20674
114128,1485,-8234,552,20652
115128,1370,-8241,552,20683
116128,1483,-8192,503,20664
117129,1449,-8262,523,20655
118128,1397,-8212,441,20650
119128,1368,-8158,462,20673
120128,1475,-8213,525,20668
121128,1389,-8193,345,20661
122128,1544,-8195,506,20652
123128,1436,-8192,448,20674
124128,1438,-8183,536,20661
125128,1552,-8196,498,20649
126128,1451,-8192,452,20650
127127,1433,-8182,442,20660
128128,1400,-8197,548,20654
129127,1415,-8197,480,20652
130127,1406,-8193,572,20651
131128,1476,-8193,511,20658
132128,1422,-8168,521,20653
133128,1411,-8192,501,20665
134128,1480,-8193,348,20664
135128,1376,-8036,458,20646
136128,1384,-8193,517,20665
137128,1381,-8192,384,20656
138127,1483,-8220,469,20665
139128,1447,-8156,546,20641
140127,1478,-8184,525,20653
141128,1441,-8193,452,20660
142128,1427,-8193,444,20649
143128,1447,-8177,451,20658
144127,1439,-8193,453,20649
145128,1525,-8238,367,20661
146128,1392,-8114,511,20658
147128,1473,-8140,484,20660
148127,1462,-8248,365,20659
149128,1349,-8175,396,20666
150127,1385,-8161,508,20660
151128,1492,-8213,472,20654
152128,1477,-8222,511,20652
153127,1405,-8183,476,20682
154127,1532,-8192,473,20667
155128,1445,-8122,333,20660
156128,1410,-8192,385,20654
157127,1437,-8074,525,20670
158127,1479,-8192,517,20658
159128,1466,-8191,511,20671
160128,1434,-8257,468,20655
161127,1317,-8193,494,20655
162127,1418,-8165,424,20665
163127,1344,-8193,405,20666
164128,1404,-8226,442,20674
165127,1406,-8193,511,20648
166128,1368,-8193,377,20669
167128,1453,-8193,529,20668
168127,1519,-8233,441,20653
169128,1436,-8165,462,20655
170127,1398,-8193,524,20671
171128,1436,-8133,594,20655
172127,1351,-8168,511,20657
173127,1348,-8167,429,20651
174127,1421,-8158,465,20653
175127,1386,-8193,436,20673
176127,1533,-8206,420,20670
177127,1504,-8193,393,20680
178128,1442,-8128,564,20649
179127,1404,-8177,521,20672
180127,1462,-8142,412,20655
181127,1475,-8174,509,20664
182128,1459,-8192,511,20654
183127,1361,-8192,545,20656
184127,1445,-8205,511,20662
185127,1512,-8192,448,20664
186127,1287,-8188,410,20673
187127,1491,-8193,472,20651
188127,1397,-8112,504,20664
189127,1385,-8126,439,20649
190127,1356,-8180,385,20671
191127,1404,-8163,373,20652
192127,1443,-8192,494,20649
193127,1450,-8216,460,20651
194127,1424,-8221,436,20654
195127,1485,-8140,414,20671
196127,1352,-8192,430,20651
197127,1470,-8158,398,20651
198127,1472,-8184,493,20644
199127,1378,-8192,493,20677
200127,1393,-8192,513,20658
201127,1442,-8193,453,20647
202127,1508,-8188,500,20669
203126,1416,-8192,529,20642
204126,1467,-8190,384,20658
205127,1418,-8186,432,20651
206127,1389,-8192,449,20667
207127,1345,-8192,601,20648
208127,1387,-8183,464,20653
209126,1427,-8178,407,20653
210126,1519,-8192,481,20646
211126,1372,-8117,489,20657
212126,1347,-8132,521,20641
213127,1366,-8145,476,20656
214127,1454,-8192,493,20651
215126,1468,-8159,484,20663
216127,1400,-8193,484,20642
217127,1384,-8171,368,20652
218126,1489,-8170,416,20646
219127,1412,-8192,472,20661
220126,1337,-8194,503,20651
221126,1452,-8190,469,20649
222127,1475,-8193,449,20651
223127,1400,-8152,442,20653
224127,1517,-8119,431,20639
225126,1451,-8192,474,20651
226127,1419,-8137,548,20654
227126,1386,-8114,512,20656
228126,1525,-8193,488,20659
229127,1384,-8192,416,20657
230126,1428,-8099,384,20656
231127,1450,-8193,453,20646
232127,1312,-8129,437,20641
233127,1485,-8143,449,20660
234126,1350,-8163,533,20652
235126,1470,-8152,510,20648
236126,1371,-8147,473,20660
237126,1374,-8193,406,20660
238127,1475,-8127,455,20671
239127,1404,-8203,448,20646
240126,1444,-8236,428,20669
241127,1407,-8193,472,20662
242126,1417,-8196,338,20668
243126,1398,-8107,442,20648
244126,1482,-8192,394,20651
245126,1400,-8192,562,20658
246126,1472,-8140,421,20660
247126,1296,-8110,388,20644
248126,1361,-8239,344,20640
249126,1373,-8094,468,20652
250126,1396,-8193,511,20645
251126,1396,-8105,405,20660
252126,1421,-8192,453,20646
253126,1443,-8192,353,20644
254126,1424,-8193,498,20651
255126,1491,-8147,531,20655
256126,1428,-8167,487,20658
257126,1385,-8178,424,20628
258126,1401,-8140,478,20642
259126,1357,-8192,420,20628
260126,1442,-8192,424,20638
261126,1380,-8092,390,20637
262126,1520,-8154,445,20661
263126,1413,-8141,421,20666
264126,1380,-8140,423,20670
265126,1406,-8192,528,20678
266125,1389,-8193,341,20661
267126,1410,-8193,468,20682
268126,1354,-8192,510,20652
269126,1545,-8173,398,20688
270126,1357,-8192,470,20639
271125,1462,-8143,511,20692
272126,1446,-8091,476,20720
273126,1461,-8193,370,20691
274125,1483,-8120,308,20618
275126,1412,-8120,439,20645
276126,1417,-8192,506,20640
277126,1550,-8112,392,20710
278125,1373,-8189,410,20724
279126,1396,-8193,453,20733
280126,1416,-8192,452,20729
281126,1364,-8104,511,20774
282126,1382,-8229,528,20763
283126,1472,-8080,511,20743
284126,1459,-8192,381,20752
285125,1498,-8115,491,20744
286126,1545,-8111,465,20727
287126,1493,-8123,464,20699
288125,1376,-8213,505,20703
289126,1494,-8102,407,20676
290126,1416,-8164,384,20712
291125,1354,-8174,416,20696
292126,1435,-8183,362,20700
293126,1410,-8132,432,20700
294126,1490,-8183,511,20694
295126,1444,-8107,552,20704
296125,1374,-8066,570,20713
297126,1383,-8107,416,20703
298126,1382,-8155,374,20699
299126,1465,-8190,485,20690
