Designator,Manufacturer Part Number,Octopart Url,Comment,Footprint,JLCPCB Part #,LibRef

"-","AMT0440005TH0000G","https://octopart.com/part/amphenol-anytek/AMT0440005TH0000G","Amphenol Anytek AMT0440005TH0000G","Amphenol Anytek AMT0440005TH0000G-Footprint-1","C26826752","CMP-145325152-4"
"+","AMT0440005TH0000G","https://octopart.com/part/amphenol-anytek/AMT0440005TH0000G","Amphenol Anytek AMT0440005TH0000G","Amphenol Anytek AMT0440005TH0000G-Footprint-1","C26826752","CMP-145325152-4"
"3V3","SML-D12M1WT86","https://octopart.com/part/rohm/SML-D12M1WT86","Rohm SML-D12M1WT86","Rohm SML-D12M1WT86-Footprint-1","C2922668","CMP-ea2527172c3b35e2-4"
"5V","SML-D12M1WT86","https://octopart.com/part/rohm/SML-D12M1WT86","Rohm SML-D12M1WT86","Rohm SML-D12M1WT86-Footprint-1","C2922668","CMP-ea2527172c3b35e2-4"
"5V5","SML-D12M1WT86","https://octopart.com/part/rohm/SML-D12M1WT86","Rohm SML-D12M1WT86","Rohm SML-D12M1WT86-Footprint-1","C2922668","CMP-ea2527172c3b35e2-4"
"15V","SML-D12M1WT86","https://octopart.com/part/rohm/SML-D12M1WT86","Rohm SML-D12M1WT86","Rohm SML-D12M1WT86-Footprint-1","C2922668","CMP-ea2527172c3b35e2-4"
"BOOT0","EVP-BB2A9B000","https://octopart.com/part/panasonic/EVP-BB2A9B000","Panasonic EVP-BB2A9B000","Panasonic EVP-BB2A9B000-Footprint-1","C4365176","CMP-57ca9abfc056880d-11"
"C1$ChannelName","CGA3E2C0G2A122JT0Y0N","https://octopart.com/part/tdk/CGA3E2C0G2A122JT0Y0N","TDK CGA3E2C0G2A122JT0Y0N","TDK CGA3E2C0G2A122JT0Y0N-Footprint-1","C342931","CMP-24620391-1"
"C2$ChannelName","CGA3E2C0G2A122JT0Y0N","https://octopart.com/part/tdk/CGA3E2C0G2A122JT0Y0N","TDK CGA3E2C0G2A122JT0Y0N","TDK CGA3E2C0G2A122JT0Y0N-Footprint-1","C342931","CMP-24620391-1"
"C3$ChannelName","CGA3E2C0G2A122JT0Y0N","https://octopart.com/part/tdk/CGA3E2C0G2A122JT0Y0N","TDK CGA3E2C0G2A122JT0Y0N","TDK CGA3E2C0G2A122JT0Y0N-Footprint-1","C342931","CMP-24620391-1"
"C4$ChannelName","CGA3E2C0G2A122JT0Y0N","https://octopart.com/part/tdk/CGA3E2C0G2A122JT0Y0N","TDK CGA3E2C0G2A122JT0Y0N","TDK CGA3E2C0G2A122JT0Y0N-Footprint-1","C342931","CMP-24620391-1"
"C5$ChannelName","CGA3E2C0G2A122JT0Y0N","https://octopart.com/part/tdk/CGA3E2C0G2A122JT0Y0N","TDK CGA3E2C0G2A122JT0Y0N","TDK CGA3E2C0G2A122JT0Y0N-Footprint-1","C342931","CMP-24620391-1"
"C6","CC1210JKNPOBBN102","https://octopart.com/part/yageo-group/CC1210JKNPOBBN102","Yageo Group CC1210JKNPOBBN102","Yageo Group CC1210JKNPOBBN102-Footprint-1","C3893829","CMP-23515824-1"
"C6$ChannelName","CL10A106MA8NRNC","https://octopart.com/part/samsung-electro-mechanics/CL10A106MA8NRNC","Samsung CL10A106MA8NRNC","Samsung CL10A106MA8NRNC-Footprint-1","C96446","CMP-49518127bf8c9696-9"
"C7$ChannelName","GRM1885C1H392JA01D","https://octopart.com/part/murata/GRM1885C1H392JA01D","Murata GRM1885C1H392JA01D","Murata GRM1885C1H392JA01D-Footprint-1","C415537","CMP-135294-16"
"C8$ChannelName","GRM1885C1H392JA01D","https://octopart.com/part/murata/GRM1885C1H392JA01D","Murata GRM1885C1H392JA01D","Murata GRM1885C1H392JA01D-Footprint-1","C415537","CMP-135294-16"
"C9$ChannelName","GCJ188R72A104KA01D","https://octopart.com/part/murata/GCJ188R72A104KA01D","Murata GCJ188R72A104KA01D","Murata GCJ188R72A104KA01D-Footprint-1","C161117","CMP-14b6df39341bcb71-6"
"C10","C0603C153J3GACTU","https://octopart.com/part/kemet/C0603C153J3GACTU","Kemet C0603C153J3GACTU","Kemet C0603C153J3GACTU-Footprint-1","C696363","CMP-153224-7"
"C10$ChannelName","GCJ188R72A104KA01D","https://octopart.com/part/murata/GCJ188R72A104KA01D","Murata GCJ188R72A104KA01D","Murata GCJ188R72A104KA01D-Footprint-1","C161117","CMP-14b6df39341bcb71-6"
"C11$ChannelName","GCJ188R72A104KA01D","https://octopart.com/part/murata/GCJ188R72A104KA01D","Murata GCJ188R72A104KA01D","Murata GCJ188R72A104KA01D-Footprint-1","C161117","CMP-14b6df39341bcb71-6"
"C12$ChannelName","GCJ188R72A104KA01D","https://octopart.com/part/murata/GCJ188R72A104KA01D","Murata GCJ188R72A104KA01D","Murata GCJ188R72A104KA01D-Footprint-1","C161117","CMP-14b6df39341bcb71-6"
"C13$ChannelName","GCJ188R72A104KA01D","https://octopart.com/part/murata/GCJ188R72A104KA01D","Murata GCJ188R72A104KA01D","Murata GCJ188R72A104KA01D-Footprint-1","C161117","CMP-14b6df39341bcb71-6"
"C14$ChannelName","GCJ188R72A104KA01D","https://octopart.com/part/murata/GCJ188R72A104KA01D","Murata GCJ188R72A104KA01D","Murata GCJ188R72A104KA01D-Footprint-1","C161117","CMP-14b6df39341bcb71-6"
"C15$ChannelName","GCJ188R72A104KA01D","https://octopart.com/part/murata/GCJ188R72A104KA01D","Murata GCJ188R72A104KA01D","Murata GCJ188R72A104KA01D-Footprint-1","C161117","CMP-14b6df39341bcb71-6"
"C16$ChannelName","GCJ188R72A104KA01D","https://octopart.com/part/murata/GCJ188R72A104KA01D","Murata GCJ188R72A104KA01D","Murata GCJ188R72A104KA01D-Footprint-1","C161117","CMP-14b6df39341bcb71-6"
"C17","GRM32EC72A106KE05L","https://octopart.com/part/murata/GRM32EC72A106KE05L","Murata GRM32EC72A106KE05L","Murata GRM32EC72A106KE05L-Footprint-1","C576517","CMP-f3e63e0b7f332c21-4"
"C17$ChannelName","GCJ188R72A104KA01D","https://octopart.com/part/murata/GCJ188R72A104KA01D","Murata GCJ188R72A104KA01D","Murata GCJ188R72A104KA01D-Footprint-1","C161117","CMP-14b6df39341bcb71-6"
"C18$ChannelName","GCJ188R72A104KA01D","https://octopart.com/part/murata/GCJ188R72A104KA01D","Murata GCJ188R72A104KA01D","Murata GCJ188R72A104KA01D-Footprint-1","C161117","CMP-14b6df39341bcb71-6"
"C19$ChannelName","GCJ188R72A104KA01D","https://octopart.com/part/murata/GCJ188R72A104KA01D","Murata GCJ188R72A104KA01D","Murata GCJ188R72A104KA01D-Footprint-1","C161117","CMP-14b6df39341bcb71-6"
"C20","CL10A106MA8NRNC","https://octopart.com/part/samsung-electro-mechanics/CL10A106MA8NRNC","Samsung CL10A106MA8NRNC","Samsung CL10A106MA8NRNC-Footprint-1","C96446","CMP-49518127bf8c9696-9"
"C20$ChannelName","GCJ188R72A104KA01D","https://octopart.com/part/murata/GCJ188R72A104KA01D","Murata GCJ188R72A104KA01D","Murata GCJ188R72A104KA01D-Footprint-1","C161117","CMP-14b6df39341bcb71-6"
"C21","CL10A106MA8NRNC","https://octopart.com/part/samsung-electro-mechanics/CL10A106MA8NRNC","Samsung CL10A106MA8NRNC","Samsung CL10A106MA8NRNC-Footprint-1","C96446","CMP-49518127bf8c9696-9"
"C21$ChannelName","GCJ188R72A104KA01D","https://octopart.com/part/murata/GCJ188R72A104KA01D","Murata GCJ188R72A104KA01D","Murata GCJ188R72A104KA01D-Footprint-1","C161117","CMP-14b6df39341bcb71-6"
"C22","GRM32EC72A106KE05L","https://octopart.com/part/murata/GRM32EC72A106KE05L","Murata GRM32EC72A106KE05L","Murata GRM32EC72A106KE05L-Footprint-1","C576517","CMP-f3e63e0b7f332c21-4"
"C23","GRM32EC72A106KE05L","https://octopart.com/part/murata/GRM32EC72A106KE05L","Murata GRM32EC72A106KE05L","Murata GRM32EC72A106KE05L-Footprint-1","C576517","CMP-f3e63e0b7f332c21-4"
"C24","GRM32EC72A106KE05L","https://octopart.com/part/murata/GRM32EC72A106KE05L","Murata GRM32EC72A106KE05L","Murata GRM32EC72A106KE05L-Footprint-1","C576517","CMP-f3e63e0b7f332c21-4"
"C25","GRM32EC72A106KE05L","https://octopart.com/part/murata/GRM32EC72A106KE05L","Murata GRM32EC72A106KE05L","Murata GRM32EC72A106KE05L-Footprint-1","C576517","CMP-f3e63e0b7f332c21-4"
"C26","GRM32EC72A106KE05L","https://octopart.com/part/murata/GRM32EC72A106KE05L","Murata GRM32EC72A106KE05L","Murata GRM32EC72A106KE05L-Footprint-1","C576517","CMP-f3e63e0b7f332c21-4"
"C27","GRM32EC72A106KE05L","https://octopart.com/part/murata/GRM32EC72A106KE05L","Murata GRM32EC72A106KE05L","Murata GRM32EC72A106KE05L-Footprint-1","C576517","CMP-f3e63e0b7f332c21-4"
"C28","GRM32EC72A106KE05L","https://octopart.com/part/murata/GRM32EC72A106KE05L","Murata GRM32EC72A106KE05L","Murata GRM32EC72A106KE05L-Footprint-1","C576517","CMP-f3e63e0b7f332c21-4"
"C29","GRM32EC72A106KE05L","https://octopart.com/part/murata/GRM32EC72A106KE05L","Murata GRM32EC72A106KE05L","Murata GRM32EC72A106KE05L-Footprint-1","C576517","CMP-f3e63e0b7f332c21-4"
"C30","GRM32EC72A106KE05L","https://octopart.com/part/murata/GRM32EC72A106KE05L","Murata GRM32EC72A106KE05L","Murata GRM32EC72A106KE05L-Footprint-1","C576517","CMP-f3e63e0b7f332c21-4"
"C31","GRM32EC72A106KE05L","https://octopart.com/part/murata/GRM32EC72A106KE05L","Murata GRM32EC72A106KE05L","Murata GRM32EC72A106KE05L-Footprint-1","C576517","CMP-f3e63e0b7f332c21-4"
"C32","GRM32EC72A106KE05L","https://octopart.com/part/murata/GRM32EC72A106KE05L","Murata GRM32EC72A106KE05L","Murata GRM32EC72A106KE05L-Footprint-1","C576517","CMP-f3e63e0b7f332c21-4"
"C33","GRM32EC72A106KE05L","https://octopart.com/part/murata/GRM32EC72A106KE05L","Murata GRM32EC72A106KE05L","Murata GRM32EC72A106KE05L-Footprint-1","C576517","CMP-f3e63e0b7f332c21-4"
"C34","GRM32EC72A106KE05L","https://octopart.com/part/murata/GRM32EC72A106KE05L","Murata GRM32EC72A106KE05L","Murata GRM32EC72A106KE05L-Footprint-1","C576517","CMP-f3e63e0b7f332c21-4"
"C35","GRM32EC72A106KE05L","https://octopart.com/part/murata/GRM32EC72A106KE05L","Murata GRM32EC72A106KE05L","Murata GRM32EC72A106KE05L-Footprint-1","C576517","CMP-f3e63e0b7f332c21-4"
"C36","GRM32EC72A106KE05L","https://octopart.com/part/murata/GRM32EC72A106KE05L","Murata GRM32EC72A106KE05L","Murata GRM32EC72A106KE05L-Footprint-1","C576517","CMP-f3e63e0b7f332c21-4"
"C37","GRM32EC72A106KE05L","https://octopart.com/part/murata/GRM32EC72A106KE05L","Murata GRM32EC72A106KE05L","Murata GRM32EC72A106KE05L-Footprint-1","C576517","CMP-f3e63e0b7f332c21-4"
"C38","GRM32EC72A106KE05L","https://octopart.com/part/murata/GRM32EC72A106KE05L","Murata GRM32EC72A106KE05L","Murata GRM32EC72A106KE05L-Footprint-1","C576517","CMP-f3e63e0b7f332c21-4"
"C39","GRM32EC72A106KE05L","https://octopart.com/part/murata/GRM32EC72A106KE05L","Murata GRM32EC72A106KE05L","Murata GRM32EC72A106KE05L-Footprint-1","C576517","CMP-f3e63e0b7f332c21-4"
"C40","CGA3E3X7S1A225K080AE","https://octopart.com/part/tdk/CGA3E3X7S1A225K080AE","TDK CGA3E3X7S1A225K080AE","TDK CGA3E3X7S1A225K080AE-Footprint-1","C2169766","CMP-68305872-2"
"C41","C0603C153J3GACTU","https://octopart.com/part/kemet/C0603C153J3GACTU","Kemet C0603C153J3GACTU","Kemet C0603C153J3GACTU-Footprint-1","C696363","CMP-153224-7"
"C42","GRM32EC72A106KE05L","https://octopart.com/part/murata/GRM32EC72A106KE05L","Murata GRM32EC72A106KE05L","Murata GRM32EC72A106KE05L-Footprint-1","C576517","CMP-f3e63e0b7f332c21-4"
"C43","CL10B104KC8NNNC","https://octopart.com/part/samsung-electro-mechanics/CL10B104KC8NNNC","Samsung Electro-Mechanics CL10B104KC8NNNC","Samsung Electro-Mechanics CL10B104KC8NNNC-Footprint-1","C15725","CMP-3016f860c6a7efd1-15"
"C44","GRM32EC72A106KE05L","https://octopart.com/part/murata/GRM32EC72A106KE05L","Murata GRM32EC72A106KE05L","Murata GRM32EC72A106KE05L-Footprint-1","C576517","CMP-f3e63e0b7f332c21-4"
"C45","GRM32EC72A106KE05L","https://octopart.com/part/murata/GRM32EC72A106KE05L","Murata GRM32EC72A106KE05L","Murata GRM32EC72A106KE05L-Footprint-1","C576517","CMP-f3e63e0b7f332c21-4"
"C46","GRM32EC72A106KE05L","https://octopart.com/part/murata/GRM32EC72A106KE05L","Murata GRM32EC72A106KE05L","Murata GRM32EC72A106KE05L-Footprint-1","C576517","CMP-f3e63e0b7f332c21-4"
"C47","CL10B104KC8NNNC","https://octopart.com/part/samsung-electro-mechanics/CL10B104KC8NNNC","Samsung Electro-Mechanics CL10B104KC8NNNC","Samsung Electro-Mechanics CL10B104KC8NNNC-Footprint-1","C15725","CMP-3016f860c6a7efd1-15"
"C48","GRM32EC72A106KE05L","https://octopart.com/part/murata/GRM32EC72A106KE05L","Murata GRM32EC72A106KE05L","Murata GRM32EC72A106KE05L-Footprint-1","C576517","CMP-f3e63e0b7f332c21-4"
"C49","GRM32EC72A106KE05L","https://octopart.com/part/murata/GRM32EC72A106KE05L","Murata GRM32EC72A106KE05L","Murata GRM32EC72A106KE05L-Footprint-1","C576517","CMP-f3e63e0b7f332c21-4"
"C50$ChannelName","CGA3E3X7S1A225K080AE","https://octopart.com/part/tdk/CGA3E3X7S1A225K080AE","TDK CGA3E3X7S1A225K080AE","TDK CGA3E3X7S1A225K080AE-Footprint-1","C2169766","CMP-68305872-2"
"C51","GRM32EC72A106KE05L","https://octopart.com/part/murata/GRM32EC72A106KE05L","Murata GRM32EC72A106KE05L","Murata GRM32EC72A106KE05L-Footprint-1","C576517","CMP-f3e63e0b7f332c21-4"
"C52","GRM32EC72A106KE05L","https://octopart.com/part/murata/GRM32EC72A106KE05L","Murata GRM32EC72A106KE05L","Murata GRM32EC72A106KE05L-Footprint-1","C576517","CMP-f3e63e0b7f332c21-4"
"C53","C0603C222J2GACTU","https://octopart.com/part/kemet/C0603C222J2GACTU","Yageo Group C0603C222J2GACTU","Yageo Group C0603C222J2GACTU-Footprint-1","C7500511","CMP-81662812-1"
"C54","CC0603KRX7R9BB124","https://octopart.com/part/yageo-group/CC0603KRX7R9BB124","Yageo Group CC0603KRX7R9BB124","Yageo Group CC0603KRX7R9BB124-Footprint-1","C519444","CMP-95601485-2"
"C55","CGA3EAC0G2A682JT000E","https://octopart.com/part/tdk/CGA3EAC0G2A682JT000E","TDK CGA3EAC0G2A682JT000E","TDK CGA3EAC0G2A682JT000E-Footprint-1","C432944","CMP-83965568-2"
"C56","CL10B105KA8NNNC","https://octopart.com/part/samsung-electro-mechanics/CL10B105KA8NNNC","Samsung Electro-Mechanics CL10B105KA8NNNC","Samsung Electro-Mechanics CL10B105KA8NNNC-Footprint-1","C29936","CMP-7473528-14"
"C57","CL10B105KA8NNNC","https://octopart.com/part/samsung-electro-mechanics/CL10B105KA8NNNC","Samsung Electro-Mechanics CL10B105KA8NNNC","Samsung Electro-Mechanics CL10B105KA8NNNC-Footprint-1","C29936","CMP-7473528-14"
"C58$ChannelName","CL10C680JB8NNNC","https://octopart.com/part/samsung-electro-mechanics/CL10C680JB8NNNC","Samsung Electro-Mechanics CL10C680JB8NNNC","Samsung Electro-Mechanics CL10C680JB8NNNC-Footprint-1","C28262","CMP-9302063-3"
"C59$ChannelName","C0603C153J3GACTU","https://octopart.com/part/kemet/C0603C153J3GACTU","Kemet C0603C153J3GACTU","Kemet C0603C153J3GACTU-Footprint-1","C696363","CMP-153224-7"
"C60","GRM32EC72A106KE05L","https://octopart.com/part/murata/GRM32EC72A106KE05L","Murata GRM32EC72A106KE05L","Murata GRM32EC72A106KE05L-Footprint-1","C576517","CMP-f3e63e0b7f332c21-4"
"C61","GRM32EC72A106KE05L","https://octopart.com/part/murata/GRM32EC72A106KE05L","Murata GRM32EC72A106KE05L","Murata GRM32EC72A106KE05L-Footprint-1","C576517","CMP-f3e63e0b7f332c21-4"
"C62","CL10A106MA8NRNC","https://octopart.com/part/samsung-electro-mechanics/CL10A106MA8NRNC","Samsung CL10A106MA8NRNC","Samsung CL10A106MA8NRNC-Footprint-1","C96446","CMP-49518127bf8c9696-9"
"C63","CL10A106MA8NRNC","https://octopart.com/part/samsung-electro-mechanics/CL10A106MA8NRNC","Samsung CL10A106MA8NRNC","Samsung CL10A106MA8NRNC-Footprint-1","C96446","CMP-49518127bf8c9696-9"
"C64","CL10A106MA8NRNC","https://octopart.com/part/samsung-electro-mechanics/CL10A106MA8NRNC","Samsung CL10A106MA8NRNC","Samsung CL10A106MA8NRNC-Footprint-1","C96446","CMP-49518127bf8c9696-9"
"C65","CL10A106MA8NRNC","https://octopart.com/part/samsung-electro-mechanics/CL10A106MA8NRNC","Samsung CL10A106MA8NRNC","Samsung CL10A106MA8NRNC-Footprint-1","C96446","CMP-49518127bf8c9696-9"
"C66","GRM32EC72A106KE05L","https://octopart.com/part/murata/GRM32EC72A106KE05L","Murata GRM32EC72A106KE05L","Murata GRM32EC72A106KE05L-Footprint-1","C576517","CMP-f3e63e0b7f332c21-4"
"C67","GRM32EC72A106KE05L","https://octopart.com/part/murata/GRM32EC72A106KE05L","Murata GRM32EC72A106KE05L","Murata GRM32EC72A106KE05L-Footprint-1","C576517","CMP-f3e63e0b7f332c21-4"
"C68","CC1210JKNPOBBN102","https://octopart.com/part/yageo-group/CC1210JKNPOBBN102","Yageo Group CC1210JKNPOBBN102","Yageo Group CC1210JKNPOBBN102-Footprint-1","C3893829","CMP-23515824-1"
"C69$ChannelName","GRM21BD72A225ME01K","https://octopart.com/part/murata/GRM21BD72A225ME01K","Murata GRM21BD72A225ME01K","Murata GRM21BD72A225ME01K-Footprint-1","C3875946","CMP-2908e6a83dcff6cf-2"
"C70","CL10B103KB8NNNC","https://octopart.com/part/samsung-electro-mechanics/CL10B103KB8NNNC","Samsung CL10B103KB8NNNC","Samsung CL10B103KB8NNNC-Footprint-1","C1589","CMP-eb8122b0188a3446-9"
"C71","CL10B104KB8NNNC","https://octopart.com/part/samsung-electro-mechanics/CL10B104KB8NNNC","Samsung CL10B104KB8NNNC","Samsung CL10B104KB8NNNC-Footprint-1","C1591","CMP-1af8d38ac64bc53f-24"
"C72$ChannelName","CGA3E3X7S1A225K080AE","https://octopart.com/part/tdk/CGA3E3X7S1A225K080AE","TDK CGA3E3X7S1A225K080AE","TDK CGA3E3X7S1A225K080AE-Footprint-1","C2169766","CMP-68305872-2"
"C73","CC0603JRNPO0BN331","https://octopart.com/part/yageo-group/CC0603JRNPO0BN331","Yageo Group CC0603JRNPO0BN331","Yageo Group CC0603JRNPO0BN331-Footprint-1","C327088","CMP-23514440-1"
"C74","GRM32EC72A106KE05L","https://octopart.com/part/murata/GRM32EC72A106KE05L","Murata GRM32EC72A106KE05L","Murata GRM32EC72A106KE05L-Footprint-1","C576517","CMP-f3e63e0b7f332c21-4"
"C75","GCJ188R92A333KA01D","https://octopart.com/part/murata/GCJ188R92A333KA01D","Murata GCJ188R92A333KA01D","Murata GCJ188R92A333KA01D-Footprint-1","C2171923","CMP-57351447-1"
"C77","CL10B104KC8NNNC","https://octopart.com/part/samsung-electro-mechanics/CL10B104KC8NNNC","Samsung Electro-Mechanics CL10B104KC8NNNC","Samsung Electro-Mechanics CL10B104KC8NNNC-Footprint-1","C15725","CMP-3016f860c6a7efd1-15"
"C78","GCM21BR72A393KA37L","https://octopart.com/part/murata/GCM21BR72A393KA37L","Murata GCM21BR72A393KA37L","Murata GCM21BR72A393KA37L-Footprint-1","C913436","CMP-57359387-1"
"C79","C0603C153J3GACTU","https://octopart.com/part/kemet/C0603C153J3GACTU","Kemet C0603C153J3GACTU","Kemet C0603C153J3GACTU-Footprint-1","C696363","CMP-153224-7"
"C80","C0603C153J3GACTU","https://octopart.com/part/kemet/C0603C153J3GACTU","Kemet C0603C153J3GACTU","Kemet C0603C153J3GACTU-Footprint-1","C696363","CMP-153224-7"
"C81","C0603C153J3GACTU","https://octopart.com/part/kemet/C0603C153J3GACTU","Kemet C0603C153J3GACTU","Kemet C0603C153J3GACTU-Footprint-1","C696363","CMP-153224-7"
"C82","C0603C153J3GACTU","https://octopart.com/part/kemet/C0603C153J3GACTU","Kemet C0603C153J3GACTU","Kemet C0603C153J3GACTU-Footprint-1","C696363","CMP-153224-7"
"C83","C0603C153J3GACTU","https://octopart.com/part/kemet/C0603C153J3GACTU","Kemet C0603C153J3GACTU","Kemet C0603C153J3GACTU-Footprint-1","C696363","CMP-153224-7"
"C84","GRM32EC72A106KE05L","https://octopart.com/part/murata/GRM32EC72A106KE05L","Murata GRM32EC72A106KE05L","Murata GRM32EC72A106KE05L-Footprint-1","C576517","CMP-f3e63e0b7f332c21-4"
"C85","CL10A225KO8NNNC","https://octopart.com/part/samsung-electro-mechanics/CL10A225KO8NNNC","Samsung CL10A225KO8NNNC","Samsung CL10A225KO8NNNC-Footprint-1","C23630","CMP-df5116efd2210096-10"
"C86","CL10A225KO8NNNC","https://octopart.com/part/samsung-electro-mechanics/CL10A225KO8NNNC","Samsung CL10A225KO8NNNC","Samsung CL10A225KO8NNNC-Footprint-1","C23630","CMP-df5116efd2210096-10"
"C87","CL10A225KO8NNNC","https://octopart.com/part/samsung-electro-mechanics/CL10A225KO8NNNC","Samsung CL10A225KO8NNNC","Samsung CL10A225KO8NNNC-Footprint-1","C23630","CMP-df5116efd2210096-10"
"C88","CL10A225KO8NNNC","https://octopart.com/part/samsung-electro-mechanics/CL10A225KO8NNNC","Samsung CL10A225KO8NNNC","Samsung CL10A225KO8NNNC-Footprint-1","C23630","CMP-df5116efd2210096-10"
"C89","CL10A225KO8NNNC","https://octopart.com/part/samsung-electro-mechanics/CL10A225KO8NNNC","Samsung CL10A225KO8NNNC","Samsung CL10A225KO8NNNC-Footprint-1","C23630","CMP-df5116efd2210096-10"
"C90","CL10A225KO8NNNC","https://octopart.com/part/samsung-electro-mechanics/CL10A225KO8NNNC","Samsung CL10A225KO8NNNC","Samsung CL10A225KO8NNNC-Footprint-1","C23630","CMP-df5116efd2210096-10"
"C92","CGA3E3X7S1A225K080AE","https://octopart.com/part/tdk/CGA3E3X7S1A225K080AE","TDK CGA3E3X7S1A225K080AE","TDK CGA3E3X7S1A225K080AE-Footprint-1","C2169766","CMP-68305872-2"
"C93","CGA3E3X7S1A225K080AE","https://octopart.com/part/tdk/CGA3E3X7S1A225K080AE","TDK CGA3E3X7S1A225K080AE","TDK CGA3E3X7S1A225K080AE-Footprint-1","C2169766","CMP-68305872-2"
"C94","CL10B104KB8NNNC","https://octopart.com/part/samsung-electro-mechanics/CL10B104KB8NNNC","Samsung CL10B104KB8NNNC","Samsung CL10B104KB8NNNC-Footprint-1","C1591","CMP-1af8d38ac64bc53f-24"
"C95","CC0603CRNPO9BN5R6","https://octopart.com/part/yageo-group/CC0603CRNPO9BN5R6","Yageo Group CC0603CRNPO9BN5R6","Yageo Group CC0603CRNPO9BN5R6-Footprint-1","C309464","CMP-9291033-1"
"C96","CGA3E3X7S1A225K080AE","https://octopart.com/part/tdk/CGA3E3X7S1A225K080AE","TDK CGA3E3X7S1A225K080AE","TDK CGA3E3X7S1A225K080AE-Footprint-1","C2169766","CMP-68305872-2"
"C97","CC0603CRNPO9BN5R6","https://octopart.com/part/yageo-group/CC0603CRNPO9BN5R6","Yageo Group CC0603CRNPO9BN5R6","Yageo Group CC0603CRNPO9BN5R6-Footprint-1","C309464","CMP-9291033-1"
"C98","CGA3E2C0G2A122JT0Y0N","https://octopart.com/part/tdk/CGA3E2C0G2A122JT0Y0N","TDK CGA3E2C0G2A122JT0Y0N","TDK CGA3E2C0G2A122JT0Y0N-Footprint-1","C342931","CMP-24620391-1"
"C99","CGA3E2C0G2A122JT0Y0N","https://octopart.com/part/tdk/CGA3E2C0G2A122JT0Y0N","TDK CGA3E2C0G2A122JT0Y0N","TDK CGA3E2C0G2A122JT0Y0N-Footprint-1","C342931","CMP-24620391-1"
"C100","CL10B472KB8NFNC","https://octopart.com/part/samsung-electro-mechanics/CL10B472KB8NFNC","Samsung Electro-Mechanics CL10B472KB8NFNC","Samsung Electro-Mechanics CL10B472KB8NFNC-Footprint-1","C16194364","CMP-19831716-3"
"C101","CL10B473KB8NNNC","https://octopart.com/part/samsung-electro-mechanics/CL10B473KB8NNNC","Samsung CL10B473KB8NNNC","Samsung CL10B473KB8NNNC-Footprint-1","C1622","CMP-9fa4562303104063-8"
"C102","CL10B104KB8NNNC","https://octopart.com/part/samsung-electro-mechanics/CL10B104KB8NNNC","Samsung CL10B104KB8NNNC","Samsung CL10B104KB8NNNC-Footprint-1","C1591","CMP-1af8d38ac64bc53f-24"
"C103","GCM1885C2A151JA16D","https://octopart.com/part/murata/GCM1885C2A151JA16D","Murata GCM1885C2A151JA16D","Murata GCM1885C2A151JA16D-Footprint-1","C126577","CMP-129429-6"
"C104$ChannelName","CGA3EAC0G2A682JT000E","https://octopart.com/part/tdk/CGA3EAC0G2A682JT000E","TDK CGA3EAC0G2A682JT000E","TDK CGA3EAC0G2A682JT000E-Footprint-1","C432944","CMP-83965568-2"
"C105","GCM1885C2A221JA16D","https://octopart.com/part/murata/GCM1885C2A221JA16D","Murata GCM1885C2A221JA16D","Murata GCM1885C2A221JA16D-Footprint-1","C388907","CMP-119709-4"
"C106","GCJ188R71E103KA01D","https://octopart.com/part/murata/GCJ188R71E103KA01D","Murata GCJ188R71E103KA01D","Murata GCJ188R71E103KA01D-Footprint-1","C363956","CMP-57350914-2"
"C107","CL10B104KB8NNNC","https://octopart.com/part/samsung-electro-mechanics/CL10B104KB8NNNC","Samsung CL10B104KB8NNNC","Samsung CL10B104KB8NNNC-Footprint-1","C1591","CMP-1af8d38ac64bc53f-24"
"C108$ChannelName","C0603C153J3GACTU","https://octopart.com/part/kemet/C0603C153J3GACTU","Kemet C0603C153J3GACTU","Kemet C0603C153J3GACTU-Footprint-1","C696363","CMP-153224-7"
"C109","C0603C153J3GACTU","https://octopart.com/part/kemet/C0603C153J3GACTU","Kemet C0603C153J3GACTU","Kemet C0603C153J3GACTU-Footprint-1","C696363","CMP-153224-7"
"C110","C0603C153J3GACTU","https://octopart.com/part/kemet/C0603C153J3GACTU","Kemet C0603C153J3GACTU","Kemet C0603C153J3GACTU-Footprint-1","C696363","CMP-153224-7"
"C111","CL10B104KC8NNNC","https://octopart.com/part/samsung-electro-mechanics/CL10B104KC8NNNC","Samsung Electro-Mechanics CL10B104KC8NNNC","Samsung Electro-Mechanics CL10B104KC8NNNC-Footprint-1","C15725","CMP-3016f860c6a7efd1-15"
"C112","CL10B104KC8NNNC","https://octopart.com/part/samsung-electro-mechanics/CL10B104KC8NNNC","Samsung Electro-Mechanics CL10B104KC8NNNC","Samsung Electro-Mechanics CL10B104KC8NNNC-Footprint-1","C15725","CMP-3016f860c6a7efd1-15"
"C113","GCM1885C2A681JA16D","https://octopart.com/part/murata/GCM1885C2A681JA16D","Murata GCM1885C2A681JA16D","Murata GCM1885C2A681JA16D-Footprint-1","C126581","CMP-119970-6"
"C114","GCM1885C2A681JA16D","https://octopart.com/part/murata/GCM1885C2A681JA16D","Murata GCM1885C2A681JA16D","Murata GCM1885C2A681JA16D-Footprint-1","C126581","CMP-119970-6"
"C115","C0603C153J3GACTU","https://octopart.com/part/kemet/C0603C153J3GACTU","Kemet C0603C153J3GACTU","Kemet C0603C153J3GACTU-Footprint-1","C696363","CMP-153224-7"
"C116","C0603C153J3GACTU","https://octopart.com/part/kemet/C0603C153J3GACTU","Kemet C0603C153J3GACTU","Kemet C0603C153J3GACTU-Footprint-1","C696363","CMP-153224-7"
"C117","GCM1885C2A681JA16D","https://octopart.com/part/murata/GCM1885C2A681JA16D","Murata GCM1885C2A681JA16D","Murata GCM1885C2A681JA16D-Footprint-1","C126581","CMP-119970-6"
"C118","C0603C153J3GACTU","https://octopart.com/part/kemet/C0603C153J3GACTU","Kemet C0603C153J3GACTU","Kemet C0603C153J3GACTU-Footprint-1","C696363","CMP-153224-7"
"C119","C0603C153J3GACTU","https://octopart.com/part/kemet/C0603C153J3GACTU","Kemet C0603C153J3GACTU","Kemet C0603C153J3GACTU-Footprint-1","C696363","CMP-153224-7"
"C120","C0603C153J3GACTU","https://octopart.com/part/kemet/C0603C153J3GACTU","Kemet C0603C153J3GACTU","Kemet C0603C153J3GACTU-Footprint-1","C696363","CMP-153224-7"
"C121","CL10B104KC8NNNC","https://octopart.com/part/samsung-electro-mechanics/CL10B104KC8NNNC","Samsung Electro-Mechanics CL10B104KC8NNNC","Samsung Electro-Mechanics CL10B104KC8NNNC-Footprint-1","C15725","CMP-3016f860c6a7efd1-15"
"C122$ChannelName","C0603C153J3GACTU","https://octopart.com/part/kemet/C0603C153J3GACTU","Kemet C0603C153J3GACTU","Kemet C0603C153J3GACTU-Footprint-1","C696363","CMP-153224-7"
"C123","C0603C153J3GACTU","https://octopart.com/part/kemet/C0603C153J3GACTU","Kemet C0603C153J3GACTU","Kemet C0603C153J3GACTU-Footprint-1","C696363","CMP-153224-7"
"C124","C0603C153J3GACTU","https://octopart.com/part/kemet/C0603C153J3GACTU","Kemet C0603C153J3GACTU","Kemet C0603C153J3GACTU-Footprint-1","C696363","CMP-153224-7"
"CU1","GRM188D72A105KE01J","https://octopart.com/part/murata/GRM188D72A105KE01J","Murata GRM188D72A105KE01J","Murata GRM188D72A105KE01J-Footprint-1","C29519231","CMP-148197902-2"
"CU2","GRM188D72A105KE01J","https://octopart.com/part/murata/GRM188D72A105KE01J","Murata GRM188D72A105KE01J","Murata GRM188D72A105KE01J-Footprint-1","C29519231","CMP-148197902-2"
"CU3","CL10B102KC8NNND","https://octopart.com/part/samsung-electro-mechanics/CL10B102KC8NNND","Samsung Electro-Mechanics CL10B102KC8NNND","Samsung Electro-Mechanics CL10B102KC8NNND-Footprint-1","C153291","CMP-19831550-3"
"CV1","GRM188D72A105KE01J","https://octopart.com/part/murata/GRM188D72A105KE01J","Murata GRM188D72A105KE01J","Murata GRM188D72A105KE01J-Footprint-1","C29519231","CMP-148197902-2"
"CV2","GRM188D72A105KE01J","https://octopart.com/part/murata/GRM188D72A105KE01J","Murata GRM188D72A105KE01J","Murata GRM188D72A105KE01J-Footprint-1","C29519231","CMP-148197902-2"
"CV3","CL10B102KC8NNND","https://octopart.com/part/samsung-electro-mechanics/CL10B102KC8NNND","Samsung Electro-Mechanics CL10B102KC8NNND","Samsung Electro-Mechanics CL10B102KC8NNND-Footprint-1","C153291","CMP-19831550-3"
"CW1","GRM188D72A105KE01J","https://octopart.com/part/murata/GRM188D72A105KE01J","Murata GRM188D72A105KE01J","Murata GRM188D72A105KE01J-Footprint-1","C29519231","CMP-148197902-2"
"CW2","GRM188D72A105KE01J","https://octopart.com/part/murata/GRM188D72A105KE01J","Murata GRM188D72A105KE01J","Murata GRM188D72A105KE01J-Footprint-1","C29519231","CMP-148197902-2"
"CW3","CL10B102KC8NNND","https://octopart.com/part/samsung-electro-mechanics/CL10B102KC8NNND","Samsung Electro-Mechanics CL10B102KC8NNND","Samsung Electro-Mechanics CL10B102KC8NNND-Footprint-1","C153291","CMP-19831550-3"
"D1$ChannelName","UCLAMP1521ZVTFT","https://octopart.com/part/semtech/UCLAMP1521ZVTFT","Semtech UCLAMP1521ZVTFT","Semtech UCLAMP1521ZVTFT-Footprint-1","C20336947","CMP-134454342-4"
"D2$ChannelName","UCLAMP1521ZVTFT","https://octopart.com/part/semtech/UCLAMP1521ZVTFT","Semtech UCLAMP1521ZVTFT","Semtech UCLAMP1521ZVTFT-Footprint-1","C20336947","CMP-134454342-4"
"D3","CTS05S40,L3F","https://octopart.com/part/toshiba/CTS05S40%2CL3F","Toshiba CTS05S40,L3F","Toshiba CTS05S40,L3F-Footprint-1","C396063","CMP-53632858-3"
"D4","1SS387CT,L3F(T","https://octopart.com/part/toshiba/1SS387CT%2CL3F%28T","Toshiba 1SS387CT,L3F(T","Toshiba 1SS387CT,L3F(T-Footprint-1","C146341","CMP-84965547-4"
"D6","BAS521Q-13","https://octopart.com/part/diodes-inc/BAS521Q-13","Diodes Inc. BAS521Q-13","Diodes Inc. BAS521Q-13-Footprint-1","C7507541","CMP-87564791-2"
"D7","BAS521Q-13","https://octopart.com/part/diodes-inc/BAS521Q-13","Diodes Inc. BAS521Q-13","Diodes Inc. BAS521Q-13-Footprint-1","C7507541","CMP-87564791-2"
"D7$ChannelName","DF2S5M5CT,L3F","https://octopart.com/part/toshiba/DF2S5M5CT%2CL3F","Toshiba DF2S5M5CT,L3F","Toshiba DF2S5M5CT,L3F-Footprint-1","C6539750","CMP-125125371-5"
"D8","SM15T75CAY","https://octopart.com/part/stmicroelectronics/SM15T75CAY","STMicroelectronics SM15T75CAY","STMicroelectronics SM15T75CAY-Footprint-1","C1975878","CMP-20614456-10"
"D8$ChannelName","DF2S5M5CT,L3F","https://octopart.com/part/toshiba/DF2S5M5CT%2CL3F","Toshiba DF2S5M5CT,L3F","Toshiba DF2S5M5CT,L3F-Footprint-1","C6539750","CMP-125125371-5"
"D9","BAS521Q-13","https://octopart.com/part/diodes-inc/BAS521Q-13","Diodes Inc. BAS521Q-13","Diodes Inc. BAS521Q-13-Footprint-1","C7507541","CMP-87564791-2"
"D10","CTS05S40,L3F","https://octopart.com/part/toshiba/CTS05S40%2CL3F","Toshiba CTS05S40,L3F","Toshiba CTS05S40,L3F-Footprint-1","C396063","CMP-53632858-3"
"D11","CTS05S40,L3F","https://octopart.com/part/toshiba/CTS05S40%2CL3F","Toshiba CTS05S40,L3F","Toshiba CTS05S40,L3F-Footprint-1","C396063","CMP-53632858-3"
"D12","CTS05S40,L3F","https://octopart.com/part/toshiba/CTS05S40%2CL3F","Toshiba CTS05S40,L3F","Toshiba CTS05S40,L3F-Footprint-1","C396063","CMP-53632858-3"
"D13","CTS05S40,L3F","https://octopart.com/part/toshiba/CTS05S40%2CL3F","Toshiba CTS05S40,L3F","Toshiba CTS05S40,L3F-Footprint-1","C396063","CMP-53632858-3"
"D14","CTS05S40,L3F","https://octopart.com/part/toshiba/CTS05S40%2CL3F","Toshiba CTS05S40,L3F","Toshiba CTS05S40,L3F-Footprint-1","C396063","CMP-53632858-3"
"D15","CTS05S40,L3F","https://octopart.com/part/toshiba/CTS05S40%2CL3F","Toshiba CTS05S40,L3F","Toshiba CTS05S40,L3F-Footprint-1","C396063","CMP-53632858-3"
"D16","ESDA6V1BC6","https://octopart.com/part/stmicroelectronics/ESDA6V1BC6","STMicroelectronics ESDA6V1BC6","STMicroelectronics ESDA6V1BC6-Footprint-1","C495220","CMP-29b0e0bf4295f677-9"
"D17","SBR1U40LP-7","https://octopart.com/part/diodes-inc/SBR1U40LP-7","Diodes Inc. SBR1U40LP-7","Diodes Inc. SBR1U40LP-7-Footprint-1","C397964","CMP-9294352-2"
"D20$ChannelName","CTS05S30,L3F","https://octopart.com/part/toshiba/CTS05S30%2CL3F","Toshiba CTS05S30,L3F","Toshiba CTS05S30,L3F-Footprint-1","C6770543","CMP-53632857-5"
"D21$ChannelName","CTS05S30,L3F","https://octopart.com/part/toshiba/CTS05S30%2CL3F","Toshiba CTS05S30,L3F","Toshiba CTS05S30,L3F-Footprint-1","C6770543","CMP-53632857-5"
"D22","ECMF02-2AMX6","https://octopart.com/part/stmicroelectronics/ECMF02-2AMX6","STMicroelectronics ECMF02-2AMX6","STMicroelectronics ECMF02-2AMX6-Footprint-1","C2651144","CMP-27eeec40c4bef829-17"
"FB1","742792116","https://octopart.com/part/wurth-elektronik/742792116","Würth Elektronik 742792116","Würth Elektronik 742792116-Footprint-1","C2661413","CMP-955231-4"
"FB2","742792116","https://octopart.com/part/wurth-elektronik/742792116","Würth Elektronik 742792116","Würth Elektronik 742792116-Footprint-1","C2661413","CMP-955231-4"
"FB3","742792116","https://octopart.com/part/wurth-elektronik/742792116","Würth Elektronik 742792116","Würth Elektronik 742792116-Footprint-1","C2661413","CMP-955231-4"
"FB4","742792116","https://octopart.com/part/wurth-elektronik/742792116","Würth Elektronik 742792116","Würth Elektronik 742792116-Footprint-1","C2661413","CMP-955231-4"
"JTAG","FTSH-107-01-L-DV-K-A-P","https://octopart.com/part/samtec/FTSH-107-01-L-DV-K-A-P","Samtec FTSH-107-01-L-DV-K-A-P","Samtec FTSH-107-01-L-DV-K-A-P-Footprint-1","C7423888","CMP-20217463-11"
"K1","TLP175A(TPL,E","https://octopart.com/part/toshiba/TLP175A%28TPL%2CE","Toshiba TLP175A(TPL,E","Toshiba TLP175A(TPL,E-Footprint-1","C141522","CMP-3febf4e3bee2e02c-15"
"L1$ChannelName","LQG18HN8N2J00D","https://octopart.com/part/murata/LQG18HN8N2J00D","Murata LQG18HN8N2J00D","Murata LQG18HN8N2J00D-Footprint-1","C98009","CMP-387420-1"
"L2$ChannelName","LQG18HN8N2J00D","https://octopart.com/part/murata/LQG18HN8N2J00D","Murata LQG18HN8N2J00D","Murata LQG18HN8N2J00D-Footprint-1","C98009","CMP-387420-1"
"L3$ChannelName","LQG18HN8N2J00D","https://octopart.com/part/murata/LQG18HN8N2J00D","Murata LQG18HN8N2J00D","Murata LQG18HN8N2J00D-Footprint-1","C98009","CMP-387420-1"
"L4$ChannelName","LQG18HN8N2J00D","https://octopart.com/part/murata/LQG18HN8N2J00D","Murata LQG18HN8N2J00D","Murata LQG18HN8N2J00D-Footprint-1","C98009","CMP-387420-1"
"L5$ChannelName","LQG18HN8N2J00D","https://octopart.com/part/murata/LQG18HN8N2J00D","Murata LQG18HN8N2J00D","Murata LQG18HN8N2J00D-Footprint-1","C98009","CMP-387420-1"
"L6$ChannelName","LQW18CAR12J00D","https://octopart.com/part/murata/LQW18CAR12J00D","Murata LQW18CAR12J00D","Murata LQW18CAR12J00D-Footprint-1","C1330904","CMP-97157771-1"
"L7$ChannelName","LQW18CAR12J00D","https://octopart.com/part/murata/LQW18CAR12J00D","Murata LQW18CAR12J00D","Murata LQW18CAR12J00D-Footprint-1","C1330904","CMP-97157771-1"
"L8","DLW21SN121SQ2L","https://octopart.com/part/murata/DLW21SN121SQ2L","Murata DLW21SN121SQ2L","Murata DLW21SN121SQ2L-Footprint-1","C86163","CMP-755639-10"
"L9","CM5441Z101B-10","https://octopart.com/part/laird/CM5441Z101B-10","Laird CM5441Z101B-10","Laird CM5441Z101B-10-Footprint-1","C2614386","CMP-19252962-11"
"L10","DLW21SN121SQ2L","https://octopart.com/part/murata/DLW21SN121SQ2L","Murata DLW21SN121SQ2L","Murata DLW21SN121SQ2L-Footprint-1","C86163","CMP-755639-10"
"L12","SRN5040-330M","https://octopart.com/part/bourns/SRN5040-330M","Bourns SRN5040-330M","Bourns SRN5040-330M-Footprint-1","C2043099","CMP-46653195-9"
"L13","SRN5040-330M","https://octopart.com/part/bourns/SRN5040-330M","Bourns SRN5040-330M","Bourns SRN5040-330M-Footprint-1","C2043099","CMP-46653195-9"
"NRST","EVP-BB2A9B000","https://octopart.com/part/panasonic/EVP-BB2A9B000","Panasonic EVP-BB2A9B000","Panasonic EVP-BB2A9B000-Footprint-1","C4365176","CMP-57ca9abfc056880d-11"
"NTC1","NCU18XH103D60RB","https://octopart.com/part/murata/NCU18XH103D60RB","Murata NCU18XH103D60RB","Murata NCU18XH103D60RB-Footprint-2","C3154661","CMP-83097404-4"
"OP1$ChannelName","THS4551IDGKR","https://octopart.com/part/texas-instruments/THS4551IDGKR","Texas Instruments THS4551IDGKR","Texas Instruments THS4551IDGKR-Footprint-1","C2860419","CMP-71776713-4"
"OP2$ChannelName","ADA4891-4ARUZ-R7","https://octopart.com/part/analog-devices/ADA4891-4ARUZ-R7","Analog Devices ADA4891-4ARUZ-R7","Analog Devices ADA4891-4ARUZ-R7-Footprint-1","C654288","CMP-1325860-18"
"Q1$ChannelName","IAUCN10S7N021ATMA1","https://octopart.com/part/infineon/IAUCN10S7N021ATMA1","Infineon IAUCN10S7N021ATMA1","Infineon IAUCN10S7N021ATMA1-Footprint-1","C23873167","CMP-148266031-6"
"Q2$ChannelName","IAUCN10S7N021ATMA1","https://octopart.com/part/infineon/IAUCN10S7N021ATMA1","Infineon IAUCN10S7N021ATMA1","Infineon IAUCN10S7N021ATMA1-Footprint-1","C23873167","CMP-148266031-6"
"Q3","IAUCN10S7N021ATMA1","https://octopart.com/part/infineon/IAUCN10S7N021ATMA1","Infineon IAUCN10S7N021ATMA1","Infineon IAUCN10S7N021ATMA1-Footprint-1","C23873167","CMP-148266031-6"
"Q4","IAUCN10S7N021ATMA1","https://octopart.com/part/infineon/IAUCN10S7N021ATMA1","Infineon IAUCN10S7N021ATMA1","Infineon IAUCN10S7N021ATMA1-Footprint-1","C23873167","CMP-148266031-6"
"Q5","MMBT5401WT1G","https://octopart.com/part/onsemi/MMBT5401WT1G","onsemi MMBT5401WT1G","onsemi MMBT5401WT1G-Footprint-1","C463085","CMP-15262437-13"
"Q10","SSM6N815R,LF","https://octopart.com/part/toshiba/SSM6N815R%2CLF","Toshiba SSM6N815R,LF","Toshiba SSM6N815R,LF-Footprint-1","C17538489","CMP-4fff83ae84369038-4"
"R1$ChannelName","CRCW06032R20FKEAHP","https://octopart.com/part/vishay/CRCW06032R20FKEAHP","Vishay Dale CRCW06032R20FKEAHP","Vishay Dale CRCW06032R20FKEAHP-Footprint-1","C2086340","CMP-ff8b34248d83204c-3"
"R2$ChannelName","CRCW06032R20FKEAHP","https://octopart.com/part/vishay/CRCW06032R20FKEAHP","Vishay Dale CRCW06032R20FKEAHP","Vishay Dale CRCW06032R20FKEAHP-Footprint-1","C2086340","CMP-ff8b34248d83204c-3"
"R3$ChannelName","CRCW06032R20FKEAHP","https://octopart.com/part/vishay/CRCW06032R20FKEAHP","Vishay Dale CRCW06032R20FKEAHP","Vishay Dale CRCW06032R20FKEAHP-Footprint-1","C2086340","CMP-ff8b34248d83204c-3"
"R4$ChannelName","CRCW06032R20FKEAHP","https://octopart.com/part/vishay/CRCW06032R20FKEAHP","Vishay Dale CRCW06032R20FKEAHP","Vishay Dale CRCW06032R20FKEAHP-Footprint-1","C2086340","CMP-ff8b34248d83204c-3"
"R5$ChannelName","CRCW06032R20FKEAHP","https://octopart.com/part/vishay/CRCW06032R20FKEAHP","Vishay Dale CRCW06032R20FKEAHP","Vishay Dale CRCW06032R20FKEAHP-Footprint-1","C2086340","CMP-ff8b34248d83204c-3"
"R6$ChannelName","PTFR0603Q1K50V9","https://octopart.com/part/resion/PTFR0603Q1K50V9","Resion PTFR0603Q1K50V9","Resion PTFR0603Q1K50V9-Footprint-1","C19704125","CMP-172108649-2"
"R7$ChannelName","CRCW06034R99FKEAC","https://octopart.com/part/vishay/CRCW06034R99FKEAC","Vishay CRCW06034R99FKEAC","Vishay CRCW06034R99FKEAC-Footprint-1","C4036787","CMP-75649611-1"
"R8$ChannelName","CRCW06034R99FKEAC","https://octopart.com/part/vishay/CRCW06034R99FKEAC","Vishay CRCW06034R99FKEAC","Vishay CRCW06034R99FKEAC-Footprint-1","C4036787","CMP-75649611-1"
"R9$ChannelName","SR731JTTDR470F","https://octopart.com/part/koa-speer/SR731JTTDR470F","KOA Speer SR731JTTDR470F","KOA Speer SR731JTTDR470F-Footprint-1","C186564","CMP-7748749-1"
"R10$ChannelName","CRCW06030000Z0EA","https://octopart.com/part/vishay/CRCW06030000Z0EA","Vishay CRCW06030000Z0EA","Vishay CRCW06030000Z0EA-Footprint-1","C844915","CMP-1855984-15"
"R11","ERJ-PB3B2201V","https://octopart.com/part/panasonic/ERJ-PB3B2201V","Panasonic ERJ-PB3B2201V","Panasonic ERJ-PB3B2201V-Footprint-1","C2074576","CMP-cda5002ea6661262-2"
"R12","CRCW060349K9FKEAHP","https://octopart.com/part/vishay/CRCW060349K9FKEAHP","Vishay CRCW060349K9FKEAHP","Vishay CRCW060349K9FKEAHP-Footprint-1","C313766","CMP-44390772-1"
"R13","ERA-3AEB103V","https://octopart.com/part/panasonic/ERA-3AEB103V","Panasonic ERA-3AEB103V","Panasonic ERA-3AEB103V-Footprint-1","C190610","CMP-3716937-9"
"R14$ChannelName","PTFR0805Q49K9N9","https://octopart.com/part/resion/PTFR0805Q49K9N9","Resion PTFR0805Q49K9N9","Resion PTFR0805Q49K9N9-Footprint-1","C47116076","CMP-173736685-1"
"R15$ChannelName","PTFR0805Q49K9N9","https://octopart.com/part/resion/PTFR0805Q49K9N9","Resion PTFR0805Q49K9N9","Resion PTFR0805Q49K9N9-Footprint-1","C47116076","CMP-173736685-1"
"R16","ERJ-3GEYJ105V","https://octopart.com/part/panasonic/ERJ3GEYJ105V","Panasonic ERJ-3GEYJ105V","Panasonic ERJ-3GEYJ105V-Footprint-1","C278634","CMP-3656597-11"
"R17$ChannelName","ERJPA3F1002V","https://octopart.com/part/panasonic/ERJPA3F1002V","Panasonic ERJPA3F1002V","Panasonic ERJPA3F1002V-Footprint-1","C441927","CMP-30042238-4"
"R18","ERJ-PA3J102V","https://octopart.com/part/panasonic/ERJ-PA3J102V","Panasonic ERJ-PA3J102V","Panasonic ERJ-PA3J102V-Footprint-1","C441891","CMP-e7fe2dfa13c73839-6"
"R19","ERJ-3EKF8201V","https://octopart.com/part/panasonic/ERJ3EKF8201V","Panasonic ERJ-3EKF8201V","Panasonic ERJ-3EKF8201V-Footprint-1","C403365","CMP-1b48d2f6d8abc48f-3"
"R20","CRCW060382K0FKEAC","https://octopart.com/part/vishay/CRCW060382K0FKEAC","Vishay CRCW060382K0FKEAC","Vishay CRCW060382K0FKEAC-Footprint-1","C1730825","CMP-ee672606e9ed31a0-8"
"R21","CRCW06033K30FKEA","https://octopart.com/part/vishay/CRCW06033K30FKEA","Vishay CRCW06033K30FKEA","Vishay CRCW06033K30FKEA-Footprint-1","C844928","CMP-2439ef519321fbfe-2"
"R22","CRCW06033K30FKEA","https://octopart.com/part/vishay/CRCW06033K30FKEA","Vishay CRCW06033K30FKEA","Vishay CRCW06033K30FKEA-Footprint-1","C844928","CMP-2439ef519321fbfe-2"
"R23","ERA3AEB104V","https://octopart.com/part/panasonic/ERA3AEB104V","Panasonic ERA-3AEB104V","Panasonic ERA-3AEB104V-Footprint-1","C190609","CMP-1850774-6"
"R25","CRCW06036K80FKEAC","https://octopart.com/part/vishay/CRCW06036K80FKEAC","Vishay CRCW06036K80FKEAC","Vishay CRCW06036K80FKEAC-Footprint-1","C844805","CMP-74574034-4"
"R26","CRCW06036K80FKEAC","https://octopart.com/part/vishay/CRCW06036K80FKEAC","Vishay CRCW06036K80FKEAC","Vishay CRCW06036K80FKEAC-Footprint-1","C844805","CMP-74574034-4"
"R27","CRCW060382K0FKEAC","https://octopart.com/part/vishay/CRCW060382K0FKEAC","Vishay CRCW060382K0FKEAC","Vishay CRCW060382K0FKEAC-Footprint-1","C1730825","CMP-ee672606e9ed31a0-8"
"R28","RC0603FR-07100KL","https://octopart.com/part/yageo-group/RC0603FR-07100KL","YAGEO RC0603FR-07100KL","YAGEO RC0603FR-07100KL-Footprint-1","C14675","CMP-9abf51c576ad4578-32"
"R29","ERA-3AEB473V","https://octopart.com/part/panasonic/ERA3AEB473V","Panasonic ERA-3AEB473V","Panasonic ERA-3AEB473V-Footprint-1","C473251","CMP-1850796-9"
"R30$ChannelName","RC0603FR-072K2L","https://octopart.com/part/yageo-group/RC0603FR-072K2L","YAGEO RC0603FR-072K2L","YAGEO RC0603FR-072K2L-Footprint-1","C114662","CMP-1853286-10"
"R31","ERA-3AEB224V","https://octopart.com/part/panasonic/ERA-3AEB224V","Panasonic ERA-3AEB224V","Panasonic ERA-3AEB224V-Footprint-1","C278545","CMP-1251723-4"
"R32","ERA-3AEB153V","https://octopart.com/part/panasonic/ERA-3AEB153V","Panasonic ERA-3AEB153V","Panasonic ERA-3AEB153V-Footprint-1","C473244","CMP-1264079-10"
"R33$ChannelName","RT0603BRB0727RL","https://octopart.com/part/yageo-group/RT0603BRB0727RL","Yageo Group RT0603BRB0727RL","Yageo Group RT0603BRB0727RL-Footprint-1","C860279","CMP-31095057-1"
"R34","ERJ-PA3J152V","https://octopart.com/part/panasonic/ERJ-PA3J152V","Panasonic ERJ-PA3J152V","Panasonic ERJ-PA3J152V-Footprint-1","C445824","CMP-51302772-3"
"R35","RK73B1JTTD4R7J","https://octopart.com/part/koa-speer/RK73B1JTTD4R7J","KOA Speer RK73B1JTTD4R7J","KOA Speer RK73B1JTTD4R7J-Footprint-1","C131714","CMP-3660602-3"
"R36","ERJPA3F1002V","https://octopart.com/part/panasonic/ERJPA3F1002V","Panasonic ERJPA3F1002V","Panasonic ERJPA3F1002V-Footprint-1","C441927","CMP-30042238-4"
"R37","ERJPA3F1002V","https://octopart.com/part/panasonic/ERJPA3F1002V","Panasonic ERJPA3F1002V","Panasonic ERJPA3F1002V-Footprint-1","C441927","CMP-30042238-4"
"R38$ChannelName","PTFR0603Q499RN9","https://octopart.com/part/resion/PTFR0603Q499RN9","Resion PTFR0603Q499RN9","Resion PTFR0603Q499RN9-Footprint-1","C19686428","CMP-151228402-1"
"R39$ChannelName","PTFR0603Q499RN9","https://octopart.com/part/resion/PTFR0603Q499RN9","Resion PTFR0603Q499RN9","Resion PTFR0603Q499RN9-Footprint-1","C19686428","CMP-151228402-1"
"R40","ERJPA3F1002V","https://octopart.com/part/panasonic/ERJPA3F1002V","Panasonic ERJPA3F1002V","Panasonic ERJPA3F1002V-Footprint-1","C441927","CMP-30042238-4"
"R41","CRCW06033K30FKEA","https://octopart.com/part/vishay/CRCW06033K30FKEA","Vishay CRCW06033K30FKEA","Vishay CRCW06033K30FKEA-Footprint-1","C844928","CMP-2439ef519321fbfe-2"
"R42","CRCW060315R0FKEAHP","https://octopart.com/part/vishay/CRCW060315R0FKEAHP","Vishay CRCW060315R0FKEAHP","Vishay CRCW060315R0FKEAHP-Footprint-1","C313670","CMP-42634099-1"
"R43","ERA-3AEB224V","https://octopart.com/part/panasonic/ERA-3AEB224V","Panasonic ERA-3AEB224V","Panasonic ERA-3AEB224V-Footprint-1","C278545","CMP-1251723-4"
"R44","ERJ-PA3F1502V","https://octopart.com/part/panasonic/ERJ-PA3F1502V","Panasonic ERJ-PA3F1502V","Panasonic ERJ-PA3F1502V-Footprint-1","C543374","CMP-51302271-3"
"R45","CRCW060333K0FKEA","https://octopart.com/part/vishay/CRCW060333K0FKEA","Vishay Dale CRCW060333K0FKEA","Vishay Dale CRCW060333K0FKEA-Footprint-1","C844778","CMP-1877459-8"
"R46$ChannelName","ERA3AEB49R9V","https://octopart.com/part/panasonic/ERA3AEB49R9V","Panasonic ERA3AEB49R9V","Panasonic ERA3AEB49R9V-Footprint-1","C491137","CMP-42876173-1"
"R47$ChannelName","ERA3AEB49R9V","https://octopart.com/part/panasonic/ERA3AEB49R9V","Panasonic ERA3AEB49R9V","Panasonic ERA3AEB49R9V-Footprint-1","C491137","CMP-42876173-1"
"R48","CRCW060318K0FKEA","https://octopart.com/part/vishay/CRCW060318K0FKEA","Vishay Dale CRCW060318K0FKEA","Vishay Dale CRCW060318K0FKEA-Footprint-1","C844745","CMP-1857271-6"
"R49","CRCW0603100RFKEAC","https://octopart.com/part/vishay/CRCW0603100RFKEAC","Vishay CRCW0603100RFKEAC","Vishay CRCW0603100RFKEAC-Footprint-1","C844724","CMP-423a8b892a8c9dfd-7"
"R50","CRCW0603100RFKEAC","https://octopart.com/part/vishay/CRCW0603100RFKEAC","Vishay CRCW0603100RFKEAC","Vishay CRCW0603100RFKEAC-Footprint-1","C844724","CMP-423a8b892a8c9dfd-7"
"R51","ERJPA3F1002V","https://octopart.com/part/panasonic/ERJPA3F1002V","Panasonic ERJPA3F1002V","Panasonic ERJPA3F1002V-Footprint-1","C441927","CMP-30042238-4"
"R52","ERA-3AEB470V","https://octopart.com/part/panasonic/ERA3AEB470V","Panasonic ERA-3AEB470V","Panasonic ERA-3AEB470V-Footprint-1","C445620","CMP-9aac53b26346456b-6"
"R53","ERJ-PB3B2201V","https://octopart.com/part/panasonic/ERJ-PB3B2201V","Panasonic ERJ-PB3B2201V","Panasonic ERJ-PB3B2201V-Footprint-1","C2074576","CMP-cda5002ea6661262-2"
"R54","ERJ-PB3B2201V","https://octopart.com/part/panasonic/ERJ-PB3B2201V","Panasonic ERJ-PB3B2201V","Panasonic ERJ-PB3B2201V-Footprint-1","C2074576","CMP-cda5002ea6661262-2"
"R55","CRCW0603220RFKEAC","https://octopart.com/part/vishay/CRCW0603220RFKEAC","Vishay CRCW0603220RFKEAC","Vishay CRCW0603220RFKEAC-Footprint-1","C2076681","CMP-23798365-4"
"R56","CRCW0603330RFKEAHP","https://octopart.com/part/vishay/CRCW0603330RFKEAHP","Vishay CRCW0603330RFKEAHP","Vishay CRCW0603330RFKEAHP-Footprint-1","C844355","CMP-e1642ae448263ea3-5"
"R57","ERA-3AEB101V","https://octopart.com/part/panasonic/ERA3AEB101V","Panasonic ERA-3AEB101V","Panasonic ERA-3AEB101V-Footprint-1","C445624","CMP-1850793-10"
"R58","CRCW0603330RFKEAHP","https://octopart.com/part/vishay/CRCW0603330RFKEAHP","Vishay CRCW0603330RFKEAHP","Vishay CRCW0603330RFKEAHP-Footprint-1","C844355","CMP-e1642ae448263ea3-5"
"R59","RC0603FR-7W1K5L","https://octopart.com/part/yageo-group/RC0603FR-7W1K5L","Yageo Group RC0603FR-7W1K5L","Yageo Group RC0603FR-7W1K5L-Footprint-1","C6108796","CMP-52751809-1"
"R60","RMCF0603FT390R","https://octopart.com/part/stackpole-electronics/RMCF0603FT390R","Stackpole Electronics RMCF0603FT390R","Stackpole Electronics RMCF0603FT390R-Footprint-1","C4220673","CMP-19213193-2"
"R61","RK73B1JTTD331J","https://octopart.com/part/koa-speer/RK73B1JTTD331J","KOA Speer RK73B1JTTD331J","KOA Speer RK73B1JTTD331J-Footprint-1","C131709","CMP-2823593-4"
"R62","ERA-3AEB101V","https://octopart.com/part/panasonic/ERA3AEB101V","Panasonic ERA-3AEB101V","Panasonic ERA-3AEB101V-Footprint-1","C445624","CMP-1850793-10"
"R63","ERJ-6DSFR10V","https://octopart.com/part/panasonic/ERJ-6DSFR10V","Panasonic ERJ-6DSFR10V","Panasonic ERJ-6DSFR10V-Footprint-1","C2074770","CMP-73854742-1"
"R64","EXB-18V121JX","https://octopart.com/part/panasonic/EXB-18V121JX","Panasonic EXB-18V121JX","Panasonic EXB-18V121JX-Footprint-1","C1731870","CMP-39826489-5"
"R65","EXB-18V121JX","https://octopart.com/part/panasonic/EXB-18V121JX","Panasonic EXB-18V121JX","Panasonic EXB-18V121JX-Footprint-1","C1731870","CMP-39826489-5"
"R66","EXB-18V121JX","https://octopart.com/part/panasonic/EXB-18V121JX","Panasonic EXB-18V121JX","Panasonic EXB-18V121JX-Footprint-1","C1731870","CMP-39826489-5"
"R67","EXB-18V121JX","https://octopart.com/part/panasonic/EXB-18V121JX","Panasonic EXB-18V121JX","Panasonic EXB-18V121JX-Footprint-1","C1731870","CMP-39826489-5"
"R68","EXB-18V121JX","https://octopart.com/part/panasonic/EXB-18V121JX","Panasonic EXB-18V121JX","Panasonic EXB-18V121JX-Footprint-1","C1731870","CMP-39826489-5"
"R69","ERJPA3F1002V","https://octopart.com/part/panasonic/ERJPA3F1002V","Panasonic ERJPA3F1002V","Panasonic ERJPA3F1002V-Footprint-1","C441927","CMP-30042238-4"
"R70","CRCW0603120RFKEAHP","https://octopart.com/part/vishay/CRCW0603120RFKEAHP","Vishay CRCW0603120RFKEAHP","Vishay CRCW0603120RFKEAHP-Footprint-1","C313655","CMP-42634053-2"
"R71","ERJ-6DSFR10V","https://octopart.com/part/panasonic/ERJ-6DSFR10V","Panasonic ERJ-6DSFR10V","Panasonic ERJ-6DSFR10V-Footprint-1","C2074770","CMP-73854742-1"
"R72","RK73B1JTTD331J","https://octopart.com/part/koa-speer/RK73B1JTTD331J","KOA Speer RK73B1JTTD331J","KOA Speer RK73B1JTTD331J-Footprint-1","C131709","CMP-2823593-4"
"R73","RC0603FR-0739KL","https://octopart.com/part/yageo-group/RC0603FR-0739KL","YAGEO RC0603FR-0739KL","YAGEO RC0603FR-0739KL-Footprint-1","C163424","CMP-2529ef6e61ccfaee-7"
"R74$ChannelName","ERA-3AEB331V","https://octopart.com/part/panasonic/ERA-3AEB331V","Panasonic ERA-3AEB331V","Panasonic ERA-3AEB331V-Footprint-1","C445626","CMP-4ace83d64f829509-4"
"R75$ChannelName","PTFR0603Q1K50V9","https://octopart.com/part/resion/PTFR0603Q1K50V9","Resion PTFR0603Q1K50V9","Resion PTFR0603Q1K50V9-Footprint-1","C19704125","CMP-172108649-2"
"R76$ChannelName","RT0603BRB0727RL","https://octopart.com/part/yageo-group/RT0603BRB0727RL","Yageo Group RT0603BRB0727RL","Yageo Group RT0603BRB0727RL-Footprint-1","C860279","CMP-31095057-1"
"R77$ChannelName","ERA-3AEB331V","https://octopart.com/part/panasonic/ERA-3AEB331V","Panasonic ERA-3AEB331V","Panasonic ERA-3AEB331V-Footprint-1","C445626","CMP-4ace83d64f829509-4"
"R78$ChannelName","ERA3AEB49R9V","https://octopart.com/part/panasonic/ERA3AEB49R9V","Panasonic ERA3AEB49R9V","Panasonic ERA3AEB49R9V-Footprint-1","C491137","CMP-42876173-1"
"R79$ChannelName","ERA3AEB49R9V","https://octopart.com/part/panasonic/ERA3AEB49R9V","Panasonic ERA3AEB49R9V","Panasonic ERA3AEB49R9V-Footprint-1","C491137","CMP-42876173-1"
"R80$ChannelName","PTFR0603Q499RN9","https://octopart.com/part/resion/PTFR0603Q499RN9","Resion PTFR0603Q499RN9","Resion PTFR0603Q499RN9-Footprint-1","C19686428","CMP-151228402-1"
"R81$ChannelName","PTFR0603Q499RN9","https://octopart.com/part/resion/PTFR0603Q499RN9","Resion PTFR0603Q499RN9","Resion PTFR0603Q499RN9-Footprint-1","C19686428","CMP-151228402-1"
"R82","RK73B1JTTD4R7J","https://octopart.com/part/koa-speer/RK73B1JTTD4R7J","KOA Speer RK73B1JTTD4R7J","KOA Speer RK73B1JTTD4R7J-Footprint-1","C131714","CMP-3660602-3"
"R84","CRCW06036K80FKEAC","https://octopart.com/part/vishay/CRCW06036K80FKEAC","Vishay CRCW06036K80FKEAC","Vishay CRCW06036K80FKEAC-Footprint-1","C844805","CMP-74574034-4"
"R86","ERJ-PA3J102V","https://octopart.com/part/panasonic/ERJ-PA3J102V","Panasonic ERJ-PA3J102V","Panasonic ERJ-PA3J102V-Footprint-1","C441891","CMP-e7fe2dfa13c73839-6"
"R87","ERJ-PA3J152V","https://octopart.com/part/panasonic/ERJ-PA3J152V","Panasonic ERJ-PA3J152V","Panasonic ERJ-PA3J152V-Footprint-1","C445824","CMP-51302772-3"
"R88","RC0603FR-07100KL","https://octopart.com/part/yageo-group/RC0603FR-07100KL","YAGEO RC0603FR-07100KL","YAGEO RC0603FR-07100KL-Footprint-1","C14675","CMP-9abf51c576ad4578-32"
"R89","ERJ-3GEYJ105V","https://octopart.com/part/panasonic/ERJ3GEYJ105V","Panasonic ERJ-3GEYJ105V","Panasonic ERJ-3GEYJ105V-Footprint-1","C278634","CMP-3656597-11"
"R90","ERJ-6DSFR10V","https://octopart.com/part/panasonic/ERJ-6DSFR10V","Panasonic ERJ-6DSFR10V","Panasonic ERJ-6DSFR10V-Footprint-1","C2074770","CMP-73854742-1"
"R91","ERJ-6DSFR10V","https://octopart.com/part/panasonic/ERJ-6DSFR10V","Panasonic ERJ-6DSFR10V","Panasonic ERJ-6DSFR10V-Footprint-1","C2074770","CMP-73854742-1"
"R92","ESR10EZPF3R90","https://octopart.com/part/rohm/ESR10EZPF3R90","ROHM ESR10EZPF3R90","ROHM ESR10EZPF3R90-Footprint-1","C4214506","CMP-19170808-2"
"R93","ERJ-PA3F1502V","https://octopart.com/part/panasonic/ERJ-PA3F1502V","Panasonic ERJ-PA3F1502V","Panasonic ERJ-PA3F1502V-Footprint-1","C543374","CMP-51302271-3"
"R94","CRCW0603100RFKEAC","https://octopart.com/part/vishay/CRCW0603100RFKEAC","Vishay CRCW0603100RFKEAC","Vishay CRCW0603100RFKEAC-Footprint-1","C844724","CMP-423a8b892a8c9dfd-7"
"R95","RT0603BRB0727RL","https://octopart.com/part/yageo-group/RT0603BRB0727RL","Yageo Group RT0603BRB0727RL","Yageo Group RT0603BRB0727RL-Footprint-1","C860279","CMP-31095057-1"
"R96","CRCW060333K0FKEA","https://octopart.com/part/vishay/CRCW060333K0FKEA","Vishay Dale CRCW060333K0FKEA","Vishay Dale CRCW060333K0FKEA-Footprint-1","C844778","CMP-1877459-8"
"R97","RC0603FR-07100KL","https://octopart.com/part/yageo-group/RC0603FR-07100KL","YAGEO RC0603FR-07100KL","YAGEO RC0603FR-07100KL-Footprint-1","C14675","CMP-9abf51c576ad4578-32"
"R98","CRCW060318K0FKEA","https://octopart.com/part/vishay/CRCW060318K0FKEA","Vishay Dale CRCW060318K0FKEA","Vishay Dale CRCW060318K0FKEA-Footprint-1","C844745","CMP-1857271-6"
"R100","ERA-3AEB103V","https://octopart.com/part/panasonic/ERA-3AEB103V","Panasonic ERA-3AEB103V","Panasonic ERA-3AEB103V-Footprint-1","C190610","CMP-3716937-9"
"R101","EXB-18V103JX","https://octopart.com/part/panasonic/EXB-18V103JX","Panasonic EXB-18V103JX","Panasonic EXB-18V103JX-Footprint-1","C178753","CMP-39823061-2"
"R102","EXB-18V103JX","https://octopart.com/part/panasonic/EXB-18V103JX","Panasonic EXB-18V103JX","Panasonic EXB-18V103JX-Footprint-1","C178753","CMP-39823061-2"
"R103","RK73B1JTTD4R7J","https://octopart.com/part/koa-speer/RK73B1JTTD4R7J","KOA Speer RK73B1JTTD4R7J","KOA Speer RK73B1JTTD4R7J-Footprint-1","C131714","CMP-3660602-3"
"R104","RK73B1JTTD4R7J","https://octopart.com/part/koa-speer/RK73B1JTTD4R7J","KOA Speer RK73B1JTTD4R7J","KOA Speer RK73B1JTTD4R7J-Footprint-1","C131714","CMP-3660602-3"
"R105","RK73B1JTTD4R7J","https://octopart.com/part/koa-speer/RK73B1JTTD4R7J","KOA Speer RK73B1JTTD4R7J","KOA Speer RK73B1JTTD4R7J-Footprint-1","C131714","CMP-3660602-3"
"R106","ERJ-6DSFR10V","https://octopart.com/part/panasonic/ERJ-6DSFR10V","Panasonic ERJ-6DSFR10V","Panasonic ERJ-6DSFR10V-Footprint-1","C2074770","CMP-73854742-1"
"R107","ERJ-6DSFR10V","https://octopart.com/part/panasonic/ERJ-6DSFR10V","Panasonic ERJ-6DSFR10V","Panasonic ERJ-6DSFR10V-Footprint-1","C2074770","CMP-73854742-1"
"R108","RC0603JR-075K1L","https://octopart.com/part/yageo-group/RC0603JR-075K1L","YAGEO RC0603JR-075K1L","YAGEO RC0603JR-075K1L-Footprint-1","C14677","CMP-e825213cbf3a37e2-5"
"R109","RC0603JR-075K1L","https://octopart.com/part/yageo-group/RC0603JR-075K1L","YAGEO RC0603JR-075K1L","YAGEO RC0603JR-075K1L-Footprint-1","C14677","CMP-e825213cbf3a37e2-5"
"R110","ERJ-PA3F1502V","https://octopart.com/part/panasonic/ERJ-PA3F1502V","Panasonic ERJ-PA3F1502V","Panasonic ERJ-PA3F1502V-Footprint-1","C543374","CMP-51302271-3"
"R111","ERJPA3F1002V","https://octopart.com/part/panasonic/ERJPA3F1002V","Panasonic ERJPA3F1002V","Panasonic ERJPA3F1002V-Footprint-1","C441927","CMP-30042238-4"
"R112","EXB-18V121JX","https://octopart.com/part/panasonic/EXB-18V121JX","Panasonic EXB-18V121JX","Panasonic EXB-18V121JX-Footprint-1","C1731870","CMP-39826489-5"
"R113","EXB-18V103JX","https://octopart.com/part/panasonic/EXB-18V103JX","Panasonic EXB-18V103JX","Panasonic EXB-18V103JX-Footprint-1","C178753","CMP-39823061-2"
"R114","CRCW0603120RFKEAHP","https://octopart.com/part/vishay/CRCW0603120RFKEAHP","Vishay CRCW0603120RFKEAHP","Vishay CRCW0603120RFKEAHP-Footprint-1","C313655","CMP-42634053-2"
"R115","CRCW0603120RFKEAHP","https://octopart.com/part/vishay/CRCW0603120RFKEAHP","Vishay CRCW0603120RFKEAHP","Vishay CRCW0603120RFKEAHP-Footprint-1","C313655","CMP-42634053-2"
"R116","EXB-18V121JX","https://octopart.com/part/panasonic/EXB-18V121JX","Panasonic EXB-18V121JX","Panasonic EXB-18V121JX-Footprint-1","C1731870","CMP-39826489-5"
"R117","EXB-18V121JX","https://octopart.com/part/panasonic/EXB-18V121JX","Panasonic EXB-18V121JX","Panasonic EXB-18V121JX-Footprint-1","C1731870","CMP-39826489-5"
"R118","EXB-18V121JX","https://octopart.com/part/panasonic/EXB-18V121JX","Panasonic EXB-18V121JX","Panasonic EXB-18V121JX-Footprint-1","C1731870","CMP-39826489-5"
"R119","ERA-3AEB473V","https://octopart.com/part/panasonic/ERA3AEB473V","Panasonic ERA-3AEB473V","Panasonic ERA-3AEB473V-Footprint-1","C473251","CMP-1850796-9"
"R120","AC0603FR-074R99L","https://octopart.com/part/yageo-group/AC0603FR-074R99L","Yageo Group AC0603FR-074R99L","Yageo Group AC0603FR-074R99L-Footprint-1","C227945","CMP-46514095-1"
"R121","AC0603FR-074R99L","https://octopart.com/part/yageo-group/AC0603FR-074R99L","Yageo Group AC0603FR-074R99L","Yageo Group AC0603FR-074R99L-Footprint-1","C227945","CMP-46514095-1"
"R122","CRCW060318K0FKEA","https://octopart.com/part/vishay/CRCW060318K0FKEA","Vishay Dale CRCW060318K0FKEA","Vishay Dale CRCW060318K0FKEA-Footprint-1","C844745","CMP-1857271-6"
"R123","CRCW06033M01FKEA","https://octopart.com/part/vishay/CRCW06033M01FKEA","Vishay Dale CRCW06033M01FKEA","Vishay Dale CRCW06033M01FKEA-Footprint-1","C2076742","CMP-1857568-5"
"R124","ERJ-PA3F1502V","https://octopart.com/part/panasonic/ERJ-PA3F1502V","Panasonic ERJ-PA3F1502V","Panasonic ERJ-PA3F1502V-Footprint-1","C543374","CMP-51302271-3"
"RS485IN","BM02B-SRSS-TB(LF)(SN)","https://octopart.com/part/jst/BM02B-SRSS-TB%28LF%29%28SN%29","JST BM02B-SRSS-TB(LF)(SN)","JST BM02B-SRSS-TB(LF)(SN)-Footprint-1","C160388","CMP-3b05f20b7468e4c2-9"
"RS485OUT","BM02B-SRSS-TB(LF)(SN)","https://octopart.com/part/jst/BM02B-SRSS-TB%28LF%29%28SN%29","JST BM02B-SRSS-TB(LF)(SN)","JST BM02B-SRSS-TB(LF)(SN)-Footprint-1","C160388","CMP-3b05f20b7468e4c2-9"
"RS485V5","BM04B-SRSS-TB(LFSN)","https://octopart.com/part/jst/BM04B-SRSS-TB%28LF%29%28SN%29","JST BM04B-SRSS-TB(LF)(SN)","JST BM04B-SRSS-TB(LF)(SN)-Footprint-1","C160390","CMP-2482040-8"
"RS4853V3","BM04B-SRSS-TB(LFSN)","https://octopart.com/part/jst/BM04B-SRSS-TB%28LF%29%28SN%29","JST BM04B-SRSS-TB(LF)(SN)","JST BM04B-SRSS-TB(LF)(SN)-Footprint-1","C160390","CMP-2482040-8"
"RTS1","3-134-804","https://octopart.com/part/schurter/3-134-804","Schurter 3-134-804","Schurter 3-134-804-Footprint-1","C20110627","CMP-123140513-7"
"RTS2","1210L020/72WR","https://octopart.com/part/littelfuse/1210L020%2F72WR","Littelfuse 1210L020/72WR","Littelfuse 1210L020_72WR-Footprint-1","C27568256","CMP-145318848-3"
"RTS3","1210L020/72WR","https://octopart.com/part/littelfuse/1210L020%2F72WR","Littelfuse 1210L020/72WR","Littelfuse 1210L020_72WR-Footprint-1","C27568256","CMP-145318848-3"
"RTS4","1210L075/24PR","https://octopart.com/part/littelfuse/1210L075%2F24PR","Littelfuse 1210L075/24PR","Littelfuse 1210L075_24PR-Footprint-1","C207045","CMP-6e72a640668ab1b5-7"
"RTS5","1210L075/24PR","https://octopart.com/part/littelfuse/1210L075%2F24PR","Littelfuse 1210L075/24PR","Littelfuse 1210L075_24PR-Footprint-1","C207045","CMP-6e72a640668ab1b5-7"
"RTS6","FEMTOSMDC008F-2","https://octopart.com/part/littelfuse/FEMTOSMDC008F-2","Littelfuse FEMTOSMDC008F-2","Littelfuse FEMTOSMDC008F-2-Footprint-1","C2153818","CMP-74214586-2"
"RTS7","FEMTOSMDC008F-2","https://octopart.com/part/littelfuse/FEMTOSMDC008F-2","Littelfuse FEMTOSMDC008F-2","Littelfuse FEMTOSMDC008F-2-Footprint-1","C2153818","CMP-74214586-2"
"RU1","WSHM28187L000FEA","https://octopart.com/part/vishay/WSHM28187L000FEA","Vishay WSHM28187L000FEA","Vishay WSHM28187L000FEA-Footprint-1","C2076253","CMP-61590000-6"
"RU2","WSHM28187L000FEA","https://octopart.com/part/vishay/WSHM28187L000FEA","Vishay WSHM28187L000FEA","Vishay WSHM28187L000FEA-Footprint-1","C2076253","CMP-61590000-6"
"RU3","ERA3AEB49R9V","https://octopart.com/part/panasonic/ERA3AEB49R9V","Panasonic ERA3AEB49R9V","Panasonic ERA3AEB49R9V-Footprint-1","C491137","CMP-42876173-1"
"RU4","ERA3AEB49R9V","https://octopart.com/part/panasonic/ERA3AEB49R9V","Panasonic ERA3AEB49R9V","Panasonic ERA3AEB49R9V-Footprint-1","C491137","CMP-42876173-1"
"RU9","RC0603FR-07100KL","https://octopart.com/part/yageo-group/RC0603FR-07100KL","YAGEO RC0603FR-07100KL","YAGEO RC0603FR-07100KL-Footprint-1","C14675","CMP-9abf51c576ad4578-32"
"RU10","ERJ3BWFR100V","https://octopart.com/part/panasonic/ERJ3BWFR100V","Panasonic ERJ3BWFR100V","Panasonic ERJ3BWFR100V-Footprint-1","C2074922","CMP-13127003-2"
"RU11","ERJ3BWFR100V","https://octopart.com/part/panasonic/ERJ3BWFR100V","Panasonic ERJ3BWFR100V","Panasonic ERJ3BWFR100V-Footprint-1","C2074922","CMP-13127003-2"
"RU12","RC0603FR-07100KL","https://octopart.com/part/yageo-group/RC0603FR-07100KL","YAGEO RC0603FR-07100KL","YAGEO RC0603FR-07100KL-Footprint-1","C14675","CMP-9abf51c576ad4578-32"
"RU13","ERA3AEB49R9V","https://octopart.com/part/panasonic/ERA3AEB49R9V","Panasonic ERA3AEB49R9V","Panasonic ERA3AEB49R9V-Footprint-1","C491137","CMP-42876173-1"
"RV1","WSHM28187L000FEA","https://octopart.com/part/vishay/WSHM28187L000FEA","Vishay WSHM28187L000FEA","Vishay WSHM28187L000FEA-Footprint-1","C2076253","CMP-61590000-6"
"RV2","WSHM28187L000FEA","https://octopart.com/part/vishay/WSHM28187L000FEA","Vishay WSHM28187L000FEA","Vishay WSHM28187L000FEA-Footprint-1","C2076253","CMP-61590000-6"
"RV3","ERA3AEB49R9V","https://octopart.com/part/panasonic/ERA3AEB49R9V","Panasonic ERA3AEB49R9V","Panasonic ERA3AEB49R9V-Footprint-1","C491137","CMP-42876173-1"
"RV4","ERA3AEB49R9V","https://octopart.com/part/panasonic/ERA3AEB49R9V","Panasonic ERA3AEB49R9V","Panasonic ERA3AEB49R9V-Footprint-1","C491137","CMP-42876173-1"
"RV9","RC0603FR-07100KL","https://octopart.com/part/yageo-group/RC0603FR-07100KL","YAGEO RC0603FR-07100KL","YAGEO RC0603FR-07100KL-Footprint-1","C14675","CMP-9abf51c576ad4578-32"
"RV10","ERJ3BWFR100V","https://octopart.com/part/panasonic/ERJ3BWFR100V","Panasonic ERJ3BWFR100V","Panasonic ERJ3BWFR100V-Footprint-1","C2074922","CMP-13127003-2"
"RV11","ERJ3BWFR100V","https://octopart.com/part/panasonic/ERJ3BWFR100V","Panasonic ERJ3BWFR100V","Panasonic ERJ3BWFR100V-Footprint-1","C2074922","CMP-13127003-2"
"RV12","RC0603FR-07100KL","https://octopart.com/part/yageo-group/RC0603FR-07100KL","YAGEO RC0603FR-07100KL","YAGEO RC0603FR-07100KL-Footprint-1","C14675","CMP-9abf51c576ad4578-32"
"RV13","ERA3AEB49R9V","https://octopart.com/part/panasonic/ERA3AEB49R9V","Panasonic ERA3AEB49R9V","Panasonic ERA3AEB49R9V-Footprint-1","C491137","CMP-42876173-1"
"RW1","WSHM28187L000FEA","https://octopart.com/part/vishay/WSHM28187L000FEA","Vishay WSHM28187L000FEA","Vishay WSHM28187L000FEA-Footprint-1","C2076253","CMP-61590000-6"
"RW2","WSHM28187L000FEA","https://octopart.com/part/vishay/WSHM28187L000FEA","Vishay WSHM28187L000FEA","Vishay WSHM28187L000FEA-Footprint-1","C2076253","CMP-61590000-6"
"RW3","ERA3AEB49R9V","https://octopart.com/part/panasonic/ERA3AEB49R9V","Panasonic ERA3AEB49R9V","Panasonic ERA3AEB49R9V-Footprint-1","C491137","CMP-42876173-1"
"RW4","ERA3AEB49R9V","https://octopart.com/part/panasonic/ERA3AEB49R9V","Panasonic ERA3AEB49R9V","Panasonic ERA3AEB49R9V-Footprint-1","C491137","CMP-42876173-1"
"RW9","RC0603FR-07100KL","https://octopart.com/part/yageo-group/RC0603FR-07100KL","YAGEO RC0603FR-07100KL","YAGEO RC0603FR-07100KL-Footprint-1","C14675","CMP-9abf51c576ad4578-32"
"RW10","ERJ3BWFR100V","https://octopart.com/part/panasonic/ERJ3BWFR100V","Panasonic ERJ3BWFR100V","Panasonic ERJ3BWFR100V-Footprint-1","C2074922","CMP-13127003-2"
"RW11","ERJ3BWFR100V","https://octopart.com/part/panasonic/ERJ3BWFR100V","Panasonic ERJ3BWFR100V","Panasonic ERJ3BWFR100V-Footprint-1","C2074922","CMP-13127003-2"
"RW12","RC0603FR-07100KL","https://octopart.com/part/yageo-group/RC0603FR-07100KL","YAGEO RC0603FR-07100KL","YAGEO RC0603FR-07100KL-Footprint-1","C14675","CMP-9abf51c576ad4578-32"
"RW13","ERA3AEB49R9V","https://octopart.com/part/panasonic/ERA3AEB49R9V","Panasonic ERA3AEB49R9V","Panasonic ERA3AEB49R9V-Footprint-1","C491137","CMP-42876173-1"
"SA1","4532-075-LF","https://octopart.com/part/yageo-group/4532-075-LF","Yageo Group 4532-075-LF","Yageo Group 4532-075-LF-Footprint-1","C2927800","CMP-99233206-9"
"SHIELD","AMT0230003TH0000G","https://octopart.com/part/amphenol-anytek/AMT0230003TH0000G","Amphenol Anytek AMT0230003TH0000G","Amphenol Anytek AMT0230003TH0000G-Footprint-1","C26826751","CMP-145325148-8"
"TVS1","DF2B6M5CT,L3F","https://octopart.com/part/toshiba/DF2B6M5CT%2CL3F","Toshiba DF2B6M5CT,L3F","Toshiba DF2B6M5CT,L3F-Footprint-1","C6601441","CMP-125125370-6"
"TVS2","DF2B6M5CT,L3F","https://octopart.com/part/toshiba/DF2B6M5CT%2CL3F","Toshiba DF2B6M5CT,L3F","Toshiba DF2B6M5CT,L3F-Footprint-1","C6601441","CMP-125125370-6"
"TVS3","DF2B6M5CT,L3F","https://octopart.com/part/toshiba/DF2B6M5CT%2CL3F","Toshiba DF2B6M5CT,L3F","Toshiba DF2B6M5CT,L3F-Footprint-1","C6601441","CMP-125125370-6"
"TVS4","DF2B6M5CT,L3F","https://octopart.com/part/toshiba/DF2B6M5CT%2CL3F","Toshiba DF2B6M5CT,L3F","Toshiba DF2B6M5CT,L3F-Footprint-1","C6601441","CMP-125125370-6"
"TVS5","DF2S5M5CT,L3F","https://octopart.com/part/toshiba/DF2S5M5CT%2CL3F","Toshiba DF2S5M5CT,L3F","Toshiba DF2S5M5CT,L3F-Footprint-1","C6539750","CMP-125125371-5"
"U","AMT0440005TH0000G","https://octopart.com/part/amphenol-anytek/AMT0440005TH0000G","Amphenol Anytek AMT0440005TH0000G","Amphenol Anytek AMT0440005TH0000G-Footprint-1","C26826752","CMP-145325152-4"
"U1","LDI8119-3.3EN","https://octopart.com/part/diotec/LDI8119-3.3EN","Diotec LDI8119-3.3EN","Diotec LDI8119-3.3EN-Footprint-1","C6079055","CMP-127966382-10"
"U1$ChannelName","2EDL8034F5BXUMA1","https://octopart.com/part/infineon/2EDL8034F5BXUMA1","Infineon 2EDL8034F5BXUMA1","Infineon 2EDL8034F5BXUMA1-Footprint-1","C43434284","CMP-160303294-12"
"U2","REF2033AIDDCR","https://octopart.com/part/texas-instruments/REF2033AIDDCR","Texas Instruments REF2033AIDDCR","Texas Instruments REF2033AIDDCR-Footprint-1","C440747","CMP-46921199-1"
"U3","STM32H753VIT6","https://octopart.com/part/stmicroelectronics/STM32H753VIT6","STMicroelectronics STM32H753VIT6","STMicroelectronics STM32H753VIT6-Footprint-1","C730206","CMP-108edcb8c5b1cf49-10"
"U4","TPS3840PL30DBVR","https://octopart.com/part/texas-instruments/TPS3840PL30DBVR","Texas Instruments TPS3840PL30DBVR","Texas Instruments TPS3840PL30DBVR-Footprint-1","C2066767","CMP-103227286-4"
"U5","THVD1450DGKR","https://octopart.com/part/texas-instruments/THVD1450DGKR","Texas Instruments THVD1450DGKR","Texas Instruments THVD1450DGKR-Footprint-1","C2860896","CMP-87909737-4"
"U6","THVD1450DGKR","https://octopart.com/part/texas-instruments/THVD1450DGKR","Texas Instruments THVD1450DGKR","Texas Instruments THVD1450DGKR-Footprint-1","C2860896","CMP-87909737-4"
"U7","LDI92-05EN","https://octopart.com/part/diotec/LDI92-05EN","Diotec LDI92-05EN","Diotec LDI92-05EN-Footprint-1","C21171455","CMP-135853212-8"
"U8","MP4541GN-Z","https://octopart.com/part/monolithic-power-systems/MP4541GN-Z","Monolithic Power Systems MP4541GN-Z","Monolithic Power Systems MP4541GN-Z-Footprint-1","C3192953","CMP-125127721-21"
"U9","MP4541GN-Z","https://octopart.com/part/monolithic-power-systems/MP4541GN-Z","Monolithic Power Systems MP4541GN-Z","Monolithic Power Systems MP4541GN-Z-Footprint-1","C3192953","CMP-125127721-21"
"U10","LM66100DCKT","https://octopart.com/part/texas-instruments/LM66100DCKT","Texas Instruments LM66100DCKT","Texas Instruments LM66100DCKT-Footprint-1","C2832141","CMP-100114310-4"
"U11","NL7SZ97DFT2G","https://octopart.com/part/onsemi/NL7SZ97DFT2G","onsemi NL7SZ97DFT2G","onsemi NL7SZ97DFT2G-Footprint-1","C233483","CMP-7506164-6"
"U12","LM5069MMX-1/NOPB","https://octopart.com/part/texas-instruments/LM5069MMX-1%2FNOPB","Texas Instruments LM5069MMX-1/NOPB","Texas Instruments LM5069MMX-1_NOPB-Footprint-1","C2653599","CMP-0063-01361-17"
"U13","BNO085","https://octopart.com/part/ceva/BNO085","CEVA BNO085","CEVA BNO085-Footprint-1","C5189642","CMP-7514bb296fe8aad3-12"
"U14","A1335LLETR-T","https://octopart.com/part/allegro-microsystems/A1335LLETR-T","Allegro MicroSystems A1335LLETR-T","Allegro MicroSystems A1335LLETR-T-Footprint-1","C2655192","CMP-67272841-12"
"U16","TLV3492AIDCNT","https://octopart.com/part/texas-instruments/TLV3492AIDCNT","Texas Instruments TLV3492AIDCNT","Texas Instruments TLV3492AIDCNT-Footprint-1","C95018","CMP-428355-1"
"USB","USB4115-03-C","https://octopart.com/part/gct/USB4115-03-C","Global Connector Technology USB4115-03-C","Global Connector Technology USB4115-03-C-Footprint-1","C5250720","CMP-113776246-2"
"V","AMT0440005TH0000G","https://octopart.com/part/amphenol-anytek/AMT0440005TH0000G","Amphenol Anytek AMT0440005TH0000G","Amphenol Anytek AMT0440005TH0000G-Footprint-1","C26826752","CMP-145325152-4"
"V1","ZV50K1210251NIR1HT","https://octopart.com/part/bourns/ZV50K1210251NIR1HT","Bourns ZV50K1210251NIR1HT","Bourns ZV50K1210251NIR1HT-Footprint-1","C1856989","CMP-107340363-1"
"W","AMT0440005TH0000G","https://octopart.com/part/amphenol-anytek/AMT0440005TH0000G","Amphenol Anytek AMT0440005TH0000G","Amphenol Anytek AMT0440005TH0000G-Footprint-1","C26826752","CMP-145325152-4"
"X1","ABM11W-25.0000MHZ-7-K1Z-T3","https://octopart.com/part/abracon/ABM11W-25.0000MHZ-7-K1Z-T3","Abracon ABM11W-25.0000MHZ-7-K1Z-T3","Abracon ABM11W-25.0000MHZ-7-K1Z-T3-Footprint-1","C1986092","CMP-82026743-2"
